BodyPart,adj,totalM,pctM,totalF,pctF,diff,total
arm,huge,19,8.81E-05,3,2.06E-05,4.272592558,22
arm,beautiful,1,4.64E-06,22,0.000151173,-32.61095727,23
arm,enough,15,6.95E-05,8,5.50E-05,1.264912271,23
arm,immediately,13,6.03E-05,10,6.87E-05,-1.140243261,23
arm,loosely,12,5.56E-05,11,7.56E-05,-1.358789886,23
arm,stretch,15,6.95E-05,8,5.50E-05,1.264912271,23
arm,casually,19,8.81E-05,5,3.44E-05,2.563555535,24
arm,fat,10,4.64E-05,14,9.62E-05,-2.075242735,24
arm,forth,14,6.49E-05,10,6.87E-05,-1.058797314,24
arm,muscle,21,9.73E-05,3,2.06E-05,4.722339143,24
arm,tire,15,6.95E-05,9,6.18E-05,1.124366463,24
arm,warm,12,5.56E-05,12,8.25E-05,-1.482316239,24
arm,awkwardly,14,6.49E-05,11,7.56E-05,-1.164677045,25
arm,great,15,6.95E-05,10,6.87E-05,1.011929816,25
arm,small,12,5.56E-05,13,8.93E-05,-1.605842593,25
arm,soft,7,3.24E-05,18,0.000123687,-3.81167033,25
arm,weak,16,7.42E-05,10,6.87E-05,1.079391804,26
arm,whole,18,8.34E-05,8,5.50E-05,1.517894725,26
arm,loose,15,6.95E-05,13,8.93E-05,-1.284674074,28
arm,stiff,21,9.73E-05,7,4.81E-05,2.023859633,28
arm,wound,26,0.000120527,2,1.37E-05,8.770058409,28
arm,slightly,20,9.27E-05,9,6.18E-05,1.499155284,29
arm,wrap,21,9.73E-05,8,5.50E-05,1.770877179,29
arm,extend,22,0.000101984,8,5.50E-05,1.855204663,30
arm,injure,24,0.000111255,8,5.50E-05,2.023859633,32
arm,numb,26,0.000120527,6,4.12E-05,2.923352803,32
arm,protectively,19,8.81E-05,14,9.62E-05,-1.092233018,33
arm,cover,21,9.73E-05,13,8.93E-05,1.089770572,34
arm,limp,22,0.000101984,12,8.25E-05,1.236803109,34
arm,naked,12,5.56E-05,22,0.000151173,-2.717579772,34
arm,open,17,7.88E-05,17,0.000116815,-1.482316239,34
arm,raise,19,8.81E-05,16,0.000109944,-1.248266307,35
arm,wildly,23,0.00010662,13,8.93E-05,1.193558245,36
arm,slender,3,1.39E-05,34,0.00023363,-16.79958405,37
arm,brown,13,6.03E-05,25,0.000171787,-2.850608153,38
arm,firmly,19,8.81E-05,19,0.000130558,-1.482316239,38
arm,heavy,23,0.00010662,16,0.000109944,-1.031176514,39
arm,lightly,24,0.000111255,15,0.000103072,1.079391804,39
arm,forward,32,0.00014834,8,5.50E-05,2.69847951,40
arm,skinny,24,0.000111255,20,0.00013743,-1.235263533,44
arm,muscular,35,0.000162247,11,7.56E-05,2.146517792,46
arm,powerful,38,0.000176154,8,5.50E-05,3.204444419,46
arm,hard,29,0.000134434,18,0.000123687,1.086887581,47
arm,high,30,0.000139069,18,0.000123687,1.124366463,48
arm,cross,34,0.000157612,20,0.00013743,1.146853792,54
arm,short,39,0.00018079,15,0.000103072,1.754011682,54
arm,big,46,0.000213239,12,8.25E-05,2.586042864,58
arm,thick,45,0.000208604,15,0.000103072,2.023859633,60
arm,break,46,0.000213239,19,0.000130558,1.63329023,65
arm,outstretch,55,0.00025496,15,0.000103072,2.473606218,70
arm,down,48,0.000222511,24,0.000164916,1.349239755,72
arm,full,30,0.000139069,42,0.000288602,-2.075242735,72
arm,straight,46,0.000213239,29,0.000199273,1.070086702,75
arm,round,22,0.000101984,54,0.00037106,-3.638412588,76
arm,little,30,0.000139069,47,0.00032296,-2.322295442,77
arm,free,48,0.000222511,34,0.00023363,-1.049974003,82
arm,white,21,9.73E-05,68,0.000467261,-4.799881156,89
arm,gently,43,0.000199332,48,0.000329831,-1.654678593,91
arm,tight,42,0.000194697,50,0.000343574,-1.76466219,92
arm,slowly,72,0.000333766,29,0.000199273,1.674918317,101
arm,fold,65,0.000301317,45,0.000309217,-1.026218935,110
arm,tightly,54,0.000250324,61,0.00041916,-1.674468344,115
arm,thin,47,0.000217875,92,0.000632176,-2.901555192,139
arm,good,128,0.000593362,31,0.000213016,2.785527237,159
arm,strong,114,0.000528463,46,0.000316088,1.671884045,160
arm,other,127,0.000588726,56,0.000384803,1.529941508,183
arm,still,153,0.000709253,71,0.000487875,1.453758328,224
arm,bare,72,0.000333766,176,0.001209381,-3.623439696,248
arm,wide,186,0.000862229,94,0.000645919,1.334886141,280
arm,upper,142,0.000658261,167,0.001147538,-1.743287408,309
arm,long,237,0.001098646,80,0.000549719,1.998561387,317
arm,back,213,0.000987391,112,0.000769606,1.282982446,325
arm,right,596,0.002762841,182,0.00125061,2.209194764,778
body,completely,14,6.49E-05,8,5.50E-05,1.180584786,22
body,human,17,7.88E-05,5,3.44E-05,2.293707584,22
body,physical,20,9.27E-05,2,1.37E-05,6.746198776,22
body,compact,14,6.49E-05,9,6.18E-05,1.049408699,23
body,forth,14,6.49E-05,9,6.18E-05,1.049408699,23
body,lithe,11,5.10E-05,12,8.25E-05,-1.617072261,23
body,muscular,16,7.42E-05,7,4.81E-05,1.541988292,23
body,numb,13,6.03E-05,10,6.87E-05,-1.140243261,23
body,perfectly,16,7.42E-05,7,4.81E-05,1.541988292,23
body,bend,16,7.42E-05,8,5.50E-05,1.349239755,24
body,enough,14,6.49E-05,10,6.87E-05,-1.058797314,24
body,tire,19,8.81E-05,5,3.44E-05,2.563555535,24
body,light,18,8.34E-05,7,4.81E-05,1.734736828,25
body,wet,19,8.81E-05,8,5.50E-05,1.602222209,27
body,perfect,11,5.10E-05,17,0.000116815,-2.29085237,28
body,tense,14,6.49E-05,14,9.62E-05,-1.482316239,28
body,tight,14,6.49E-05,15,0.000103072,-1.588195971,29
body,lifeless,18,8.34E-05,12,8.25E-05,1.011929816,30
body,powerful,29,0.000134434,1,6.87E-06,19.56397645,30
body,weak,15,6.95E-05,15,0.000103072,-1.482316239,30
body,black,24,0.000111255,8,5.50E-05,2.023859633,32
body,right,19,8.81E-05,13,8.93E-05,-1.014216374,32
body,round,15,6.95E-05,17,0.000116815,-1.679958405,32
body,break,24,0.000111255,9,6.18E-05,1.79898634,33
body,down,24,0.000111255,10,6.87E-05,1.619087706,34
body,tiny,13,6.03E-05,22,0.000151173,-2.508535174,35
body,great,24,0.000111255,12,8.25E-05,1.349239755,36
body,tall,25,0.000115891,12,8.25E-05,1.405458078,37
body,hot,14,6.49E-05,24,0.000164916,-2.541113553,38
body,slim,15,6.95E-05,23,0.000158044,-2.2728849,38
body,large,29,0.000134434,13,8.93E-05,1.504921265,42
body,cold,28,0.000129798,16,0.000109944,1.180584786,44
body,discover,25,0.000115891,19,0.000130558,-1.126560342,44
body,slightly,25,0.000115891,19,0.000130558,-1.126560342,44
body,rigid,32,0.00014834,14,9.62E-05,1.541988292,46
body,slowly,36,0.000166883,12,8.25E-05,2.023859633,48
body,beautiful,16,7.42E-05,33,0.000226759,-3.057277244,49
body,stiff,29,0.000134434,20,0.00013743,-1.022287062,49
body,white,29,0.000134434,20,0.00013743,-1.022287062,49
body,soft,16,7.42E-05,34,0.00023363,-3.149922009,50
body,with,32,0.00014834,21,0.000144301,1.027992194,53
body,low,39,0.00018079,16,0.000109944,1.644385952,55
body,slender,20,9.27E-05,35,0.000240502,-2.594053419,55
body,lean,37,0.000171519,19,0.000130558,1.313733446,56
body,cover,35,0.000162247,23,0.000158044,1.026595466,58
body,young,16,7.42E-05,43,0.000295474,-3.983724893,59
body,good,40,0.000185426,22,0.000151173,1.226581596,62
body,hard,47,0.000217875,16,0.000109944,1.981695891,63
body,big,56,0.000259596,12,8.25E-05,3.148226096,68
body,old,42,0.000194697,27,0.00018553,1.049408699,69
body,strong,40,0.000185426,29,0.000199273,-1.074679274,69
body,heavy,46,0.000213239,25,0.000171787,1.241300575,71
body,limp,47,0.000217875,28,0.000192402,1.132397652,75
body,forward,51,0.000236418,35,0.000240502,-1.017275851,86
body,small,38,0.000176154,54,0.00037106,-2.106449393,92
body,warm,49,0.000227146,50,0.000343574,-1.512567591,99
body,thin,68,0.000315223,53,0.000364189,-1.155334716,121
body,long,78,0.00036158,66,0.000453518,-1.254267587,144
body,dead,96,0.000445021,50,0.000343574,1.295270165,146
body,little,77,0.000356944,73,0.000501618,-1.405312798,150
body,back,111,0.000514556,53,0.000364189,1.41288314,164
body,upper,124,0.000574819,43,0.000295474,1.945415461,167
body,still,119,0.000551641,73,0.000501618,1.099722814,192
body,naked,85,0.000394029,138,0.000948265,-2.406584012,223
body,whole,447,0.002072131,312,0.002143903,-1.034636838,759
eye,behind,18,8.34E-05,4,2.75E-05,3.035789449,22
eye,blur,12,5.56E-05,10,6.87E-05,-1.235263533,22
eye,crazy,13,6.03E-05,9,6.18E-05,-1.026218935,22
eye,eager,10,4.64E-05,12,8.25E-05,-1.778779487,22
eye,expressionless,18,8.34E-05,4,2.75E-05,3.035789449,22
eye,magical,22,0.000101984,0,0,Inf,22
eye,vivid,16,7.42E-05,6,4.12E-05,1.79898634,22
eye,feverish,17,7.88E-05,6,4.12E-05,1.911422987,23
eye,fiercely,16,7.42E-05,7,4.81E-05,1.541988292,23
eye,involuntarily,12,5.56E-05,11,7.56E-05,-1.358789886,23
eye,shape,8,3.71E-05,15,0.000103072,-2.779342949,23
eye,squint,20,9.27E-05,3,2.06E-05,4.497465851,23
eye,worry,13,6.03E-05,10,6.87E-05,-1.140243261,23
eye,brightly,12,5.56E-05,12,8.25E-05,-1.482316239,24
eye,cover,16,7.42E-05,8,5.50E-05,1.349239755,24
eye,direct,13,6.03E-05,11,7.56E-05,-1.254267587,24
eye,fasten,14,6.49E-05,10,6.87E-05,-1.058797314,24
eye,friendly,20,9.27E-05,4,2.75E-05,3.373099388,24
eye,gradually,14,6.49E-05,10,6.87E-05,-1.058797314,24
eye,haunt,12,5.56E-05,12,8.25E-05,-1.482316239,24
eye,hide,14,6.49E-05,10,6.87E-05,-1.058797314,24
eye,laugh,15,6.95E-05,9,6.18E-05,1.124366463,24
eye,melancholy,14,6.49E-05,10,6.87E-05,-1.058797314,24
eye,milky,19,8.81E-05,5,3.44E-05,2.563555535,24
eye,shadow,12,5.56E-05,12,8.25E-05,-1.482316239,24
eye,sharply,17,7.88E-05,7,4.81E-05,1.63836256,24
eye,sightless,17,7.88E-05,7,4.81E-05,1.63836256,24
eye,slant,12,5.56E-05,12,8.25E-05,-1.482316239,24
eye,thoughtful,11,5.10E-05,13,8.93E-05,-1.751828283,24
eye,upwards,15,6.95E-05,9,6.18E-05,1.124366463,24
eye,bleary,19,8.81E-05,6,4.12E-05,2.136296279,25
eye,cloudy,12,5.56E-05,13,8.93E-05,-1.605842593,25
eye,fiery,20,9.27E-05,5,3.44E-05,2.69847951,25
eye,firmly,14,6.49E-05,11,7.56E-05,-1.164677045,25
eye,intent,16,7.42E-05,9,6.18E-05,1.199324227,25
eye,lidded,15,6.95E-05,10,6.87E-05,1.011929816,25
eye,naked,17,7.88E-05,8,5.50E-05,1.43356724,25
eye,raw,10,4.64E-05,15,0.000103072,-2.223474359,25
eye,ring,11,5.10E-05,14,9.62E-05,-1.886584305,25
eye,rivet,20,9.27E-05,5,3.44E-05,2.69847951,25
eye,fast,16,7.42E-05,10,6.87E-05,1.079391804,26
eye,glue,14,6.49E-05,12,8.25E-05,-1.270556777,26
eye,lash,9,4.17E-05,17,0.000116815,-2.799930674,26
eye,strangely,15,6.95E-05,11,7.56E-05,-1.087031909,26
eye,visible,20,9.27E-05,6,4.12E-05,2.248732925,26
eye,dazzle,11,5.10E-05,16,0.000109944,-2.156096348,27
eye,distant,13,6.03E-05,14,9.62E-05,-1.596340565,27
eye,liquid,13,6.03E-05,14,9.62E-05,-1.596340565,27
eye,restless,25,0.000115891,2,1.37E-05,8.43274847,27
eye,damp,17,7.88E-05,11,7.56E-05,1.042594356,28
eye,train,22,0.000101984,6,4.12E-05,2.473606218,28
eye,inward,23,0.00010662,6,4.12E-05,2.586042864,29
eye,same,20,9.27E-05,9,6.18E-05,1.499155284,29
eye,vacant,19,8.81E-05,10,6.87E-05,1.281777767,29
eye,anxiously,22,0.000101984,8,5.50E-05,1.855204663,30
eye,evil,17,7.88E-05,13,8.93E-05,-1.133535948,30
eye,roll,22,0.000101984,8,5.50E-05,1.855204663,30
eye,wearily,23,0.00010662,7,4.81E-05,2.216608169,30
eye,cool,20,9.27E-05,11,7.56E-05,1.226581596,31
eye,deeply,14,6.49E-05,17,0.000116815,-1.799955434,31
eye,downcast,11,5.10E-05,20,0.00013743,-2.695120435,31
eye,glow,24,0.000111255,7,4.81E-05,2.312982438,31
eye,lidde,22,0.000101984,9,6.18E-05,1.649070812,31
eye,occasionally,18,8.34E-05,13,8.93E-05,-1.070561728,31
eye,anxious,15,6.95E-05,17,0.000116815,-1.679958405,32
eye,bold,20,9.27E-05,12,8.25E-05,1.124366463,32
eye,mad,22,0.000101984,10,6.87E-05,1.484163731,32
eye,prominent,22,0.000101984,10,6.87E-05,1.484163731,32
eye,redden,21,9.73E-05,11,7.56E-05,1.287910675,32
eye,glitter,27,0.000125162,6,4.12E-05,3.035789449,33
eye,mild,23,0.00010662,10,6.87E-05,1.551625719,33
eye,alive,22,0.000101984,12,8.25E-05,1.236803109,34
eye,constantly,27,0.000125162,8,5.50E-05,2.276842087,35
eye,expressive,15,6.95E-05,20,0.00013743,-1.976421652,35
eye,pierce,28,0.000129798,7,4.81E-05,2.69847951,35
eye,cloud,27,0.000125162,9,6.18E-05,2.023859633,36
eye,dilate,15,6.95E-05,21,0.000144301,-2.075242735,36
eye,downward,18,8.34E-05,18,0.000123687,-1.482316239,36
eye,other,28,0.000129798,8,5.50E-05,2.361169572,36
eye,wildly,26,0.000120527,10,6.87E-05,1.754011682,36
eye,for,23,0.00010662,14,9.62E-05,1.108304085,37
eye,lock,24,0.000111255,13,8.93E-05,1.245452082,37
eye,nervously,31,0.000143705,6,4.12E-05,3.485536034,37
eye,pink,20,9.27E-05,17,0.000116815,-1.259968803,37
eye,shrewd,29,0.000134434,8,5.50E-05,2.445497056,37
eye,young,21,9.73E-05,16,0.000109944,-1.129383801,37
eye,rather,26,0.000120527,12,8.25E-05,1.461676402,38
eye,sparkle,15,6.95E-05,23,0.000158044,-2.2728849,38
eye,color,18,8.34E-05,21,0.000144301,-1.729368946,39
eye,hooded,31,0.000143705,8,5.50E-05,2.614152026,39
eye,golden,20,9.27E-05,20,0.00013743,-1.482316239,40
eye,weak,30,0.000139069,10,6.87E-05,2.023859633,40
eye,brilliant,20,9.27E-05,21,0.000144301,-1.556432051,41
eye,empty,25,0.000115891,16,0.000109944,1.054093559,41
eye,trouble,19,8.81E-05,22,0.000151173,-1.716366172,41
eye,weary,28,0.000129798,13,8.93E-05,1.453027429,41
eye,completely,25,0.000115891,17,0.000116815,-1.007975043,42
eye,fully,27,0.000125162,15,0.000103072,1.21431578,42
eye,pretty,8,3.71E-05,34,0.00023363,-6.299844017,42
eye,tiny,27,0.000125162,15,0.000103072,1.21431578,42
eye,turn,30,0.000139069,12,8.25E-05,1.686549694,42
eye,wary,32,0.00014834,10,6.87E-05,2.158783608,42
eye,carefully,30,0.000139069,13,8.93E-05,1.556815102,43
eye,directly,25,0.000115891,19,0.000130558,-1.126560342,44
eye,forward,27,0.000125162,17,0.000116815,1.0714551,44
eye,luminous,18,8.34E-05,26,0.000178659,-2.141123457,44
eye,hollow,30,0.000139069,15,0.000103072,1.349239755,45
eye,stare,34,0.000157612,11,7.56E-05,2.085188713,45
eye,unfocused,24,0.000111255,21,0.000144301,-1.297026709,45
eye,shiny,25,0.000115891,21,0.000144301,-1.245145641,46
eye,beady,33,0.000152976,14,9.62E-05,1.590175426,47
eye,bulge,29,0.000134434,18,0.000123687,1.086887581,47
eye,frighten,23,0.00010662,24,0.000164916,-1.546764772,47
eye,startle,22,0.000101984,25,0.000171787,-1.684450272,47
eye,vague,22,0.000101984,25,0.000171787,-1.684450272,47
eye,focus,26,0.000120527,23,0.000158044,-1.31127975,49
eye,intently,29,0.000134434,20,0.00013743,-1.022287062,49
eye,angry,34,0.000157612,17,0.000116815,1.349239755,51
eye,calm,30,0.000139069,22,0.000151173,-1.087031909,52
eye,glassy,29,0.000134434,23,0.000158044,-1.175630121,52
eye,lovely,9,4.17E-05,43,0.000295474,-7.082177588,52
eye,enough,38,0.000176154,15,0.000103072,1.709037023,53
eye,strange,31,0.000143705,22,0.000151173,-1.051966363,53
eye,alert,38,0.000176154,16,0.000109944,1.602222209,54
eye,dim,31,0.000143705,23,0.000158044,-1.099783016,54
eye,sleepy,36,0.000166883,18,0.000123687,1.349239755,54
eye,steadily,31,0.000143705,23,0.000158044,-1.099783016,54
eye,burn,35,0.000162247,20,0.00013743,1.180584786,55
eye,gentle,35,0.000162247,20,0.00013743,1.180584786,55
eye,shine,32,0.00014834,25,0.000171787,-1.158059562,57
eye,bad,42,0.000194697,16,0.000109944,1.770877179,58
eye,blank,37,0.000171519,21,0.000144301,1.188615975,58
eye,draw,40,0.000185426,19,0.000130558,1.420252374,59
eye,fierce,38,0.000176154,21,0.000144301,1.220740731,59
eye,barely,32,0.00014834,28,0.000192402,-1.297026709,60
eye,flat,30,0.000139069,30,0.000206144,-1.482316239,60
eye,last,37,0.000171519,24,0.000164916,1.040038978,61
eye,intelligent,40,0.000185426,24,0.000164916,1.124366463,64
eye,watchful,39,0.00018079,26,0.000178659,1.011929816,65
eye,hot,44,0.000203968,23,0.000158044,1.290577157,67
eye,intense,44,0.000203968,23,0.000158044,1.290577157,67
eye,white,42,0.000194697,25,0.000171787,1.133361394,67
eye,enormous,18,8.34E-05,50,0.000343574,-4.117545109,68
eye,puffy,28,0.000129798,40,0.000274859,-2.117594628,68
eye,serious,41,0.000190061,27,0.00018553,1.024422777,68
eye,fine,26,0.000120527,44,0.000302345,-2.508535174,70
eye,like,43,0.000199332,27,0.00018553,1.07439462,70
eye,dead,52,0.000241053,19,0.000130558,1.846328086,71
eye,steady,41,0.000190061,31,0.000213016,-1.120775693,72
eye,immediately,38,0.000176154,35,0.000240502,-1.365291273,73
eye,hardly,47,0.000217875,29,0.000199273,1.093349457,76
eye,warm,44,0.000203968,32,0.000219887,-1.078048174,76
eye,forth,56,0.000259596,22,0.000151173,1.717214234,78
eye,glaze,54,0.000250324,25,0.000171787,1.457178936,79
eye,grey,44,0.000203968,35,0.000240502,-1.17911519,79
eye,kind,52,0.000241053,29,0.000199273,1.209663229,81
eye,old,46,0.000213239,41,0.000281731,-1.321194909,87
eye,heavy,60,0.000278138,30,0.000206144,1.349239755,90
eye,huge,42,0.000194697,52,0.000357317,-1.835248677,94
eye,tightly,53,0.000245689,42,0.000288602,-1.174665699,95
eye,ahead,59,0.000273503,38,0.000261116,1.047436126,97
eye,dull,60,0.000278138,37,0.000254245,1.09397818,97
eye,moist,58,0.000268867,43,0.000295474,-1.098958591,101
eye,upward,63,0.000292045,39,0.000267988,1.089770572,102
eye,blind,79,0.000366215,24,0.000164916,2.220623764,103
eye,rim,44,0.000203968,60,0.000412289,-2.021340326,104
eye,watery,77,0.000356944,28,0.000192402,1.855204663,105
eye,yellow,81,0.000375487,26,0.000178659,2.101700388,107
eye,down,64,0.000296681,44,0.000302345,-1.019092415,108
eye,sink,70,0.000324495,40,0.000274859,1.180584786,110
eye,keen,91,0.000421843,28,0.000192402,2.192514602,119
eye,wild,76,0.000352309,43,0.000295474,1.192351412,119
eye,swell,52,0.000241053,71,0.000487875,-2.023931788,123
eye,great,60,0.000278138,69,0.000474132,-1.704663675,129
eye,tight,77,0.000356944,54,0.00037106,-1.039546454,131
eye,light,85,0.000394029,55,0.000377932,1.042594356,140
eye,wet,77,0.000356944,72,0.000494747,-1.386061938,149
eye,soft,69,0.000319859,82,0.000563462,-1.761593212,151
eye,tire,87,0.000403301,65,0.000446646,-1.10747765,152
eye,straight,96,0.000445021,58,0.000398546,1.116612211,154
eye,narrow,91,0.000421843,72,0.000494747,-1.17282164,163
eye,slightly,99,0.000458928,66,0.000453518,1.011929816,165
eye,long,110,0.00050992,57,0.000391675,1.301898009,167
eye,sad,104,0.000482106,63,0.000432903,1.113658211,167
eye,briefly,94,0.00043575,82,0.000563462,-1.293084379,176
eye,cold,128,0.000593362,50,0.000343574,1.727026887,178
eye,hard,122,0.000565548,79,0.000542847,1.041818039,201
eye,sharp,119,0.000551641,87,0.000597819,-1.083710192,206
eye,bloodshot,163,0.000755609,46,0.000316088,2.390500871,209
eye,beautiful,90,0.000417207,128,0.00087955,-2.108183096,218
eye,round,122,0.000565548,109,0.000748992,-1.324364509,231
eye,good,175,0.000811237,79,0.000542847,1.494411121,254
eye,deep,156,0.00072316,103,0.000707763,1.021754378,259
eye,half,167,0.000774152,111,0.000762735,1.014968645,278
eye,slowly,169,0.000783423,118,0.000810835,-1.034990037,287
eye,full,159,0.000737067,140,0.000962008,-1.30518411,299
eye,pale,206,0.000954942,93,0.000639048,1.494319299,299
eye,little,207,0.000959577,95,0.000652791,1.469961207,302
eye,small,216,0.001001298,91,0.000625305,1.601295534,307
eye,clear,174,0.000806601,146,0.001003236,-1.243782592,320
eye,with,192,0.000890043,172,0.001181895,-1.327908298,364
eye,fix,223,0.001033747,142,0.000975751,1.059438259,365
eye,right,269,0.001246987,137,0.000941393,1.324618592,406
eye,gray,268,0.001242351,155,0.00106508,1.16643953,423
eye,big,175,0.000811237,287,0.001972116,-2.430998633,462
eye,large,199,0.000922492,289,0.001985858,-2.152710518,488
eye,red,287,0.001330428,231,0.001587312,-1.193083802,518
eye,green,237,0.001098646,319,0.002192003,-1.995185149,556
eye,back,411,0.001905248,245,0.001683513,1.131709264,656
eye,black,404,0.001872798,308,0.002116417,-1.130082678,712
eye,bright,374,0.001733729,342,0.002350047,-1.355487042,716
eye,brown,395,0.001831077,376,0.002583677,-1.411014952,771
eye,open,476,0.002206564,303,0.002082059,1.059798884,779
eye,still,509,0.00235954,326,0.002240103,1.053317539,835
eye,dark,655,0.003036343,584,0.004012946,-1.321637685,1239
eye,wide,630,0.002920452,627,0.00430842,-1.475257591,1257
eye,blue,1198,0.005553495,761,0.005229198,1.062016575,1959
face,ashen,15,6.95E-05,7,4.81E-05,1.445614023,22
face,beam,21,9.73E-05,1,6.87E-06,14.16701743,22
face,dear,9,4.17E-05,13,8.93E-05,-2.141123457,22
face,gloomy,18,8.34E-05,4,2.75E-05,3.035789449,22
face,gradually,12,5.56E-05,10,6.87E-05,-1.235263533,22
face,innocent,11,5.10E-05,11,7.56E-05,-1.482316239,22
face,last,15,6.95E-05,7,4.81E-05,1.445614023,22
face,partly,11,5.10E-05,11,7.56E-05,-1.482316239,22
face,sallow,15,6.95E-05,7,4.81E-05,1.445614023,22
face,shine,11,5.10E-05,11,7.56E-05,-1.482316239,22
face,somewhat,11,5.10E-05,11,7.56E-05,-1.482316239,22
face,terrible,13,6.03E-05,9,6.18E-05,-1.026218935,22
face,tiny,9,4.17E-05,13,8.93E-05,-2.141123457,22
face,avert,10,4.64E-05,13,8.93E-05,-1.927011111,23
face,break,16,7.42E-05,7,4.81E-05,1.541988292,23
face,freeze,14,6.49E-05,9,6.18E-05,1.049408699,23
face,high,9,4.17E-05,14,9.62E-05,-2.305825261,23
face,mark,12,5.56E-05,11,7.56E-05,-1.358789886,23
face,numb,11,5.10E-05,12,8.25E-05,-1.617072261,23
face,sweat,21,9.73E-05,2,1.37E-05,7.083508715,23
face,wry,15,6.95E-05,8,5.50E-05,1.264912271,23
face,hardly,14,6.49E-05,10,6.87E-05,-1.058797314,24
face,same,13,6.03E-05,11,7.56E-05,-1.254267587,24
face,barely,17,7.88E-05,8,5.50E-05,1.43356724,25
face,bone,9,4.17E-05,16,0.000109944,-2.63522887,25
face,cut,19,8.81E-05,6,4.12E-05,2.136296279,25
face,empty,12,5.56E-05,13,8.93E-05,-1.605842593,25
face,fierce,14,6.49E-05,11,7.56E-05,-1.164677045,25
face,frighten,13,6.03E-05,12,8.25E-05,-1.368291913,25
face,gaunt,18,8.34E-05,7,4.81E-05,1.734736828,25
face,intelligent,15,6.95E-05,10,6.87E-05,1.011929816,25
face,perfectly,16,7.42E-05,9,6.18E-05,1.199324227,25
face,swarthy,22,0.000101984,3,2.06E-05,4.947212436,25
face,feature,19,8.81E-05,7,4.81E-05,1.831111096,26
face,green,20,9.27E-05,6,4.12E-05,2.248732925,26
face,partially,13,6.03E-05,13,8.93E-05,-1.482316239,26
face,earnest,17,7.88E-05,10,6.87E-05,1.146853792,27
face,powder,1,4.64E-06,26,0.000178659,-38.54022222,27
face,ravage,18,8.34E-05,9,6.18E-05,1.349239755,27
face,skin,13,6.03E-05,14,9.62E-05,-1.596340565,27
face,sour,13,6.03E-05,14,9.62E-05,-1.596340565,27
face,unshaven,27,0.000125162,0,0,Inf,27
face,briefly,19,8.81E-05,9,6.18E-05,1.424197519,28
face,drain,16,7.42E-05,12,8.25E-05,-1.11173718,28
face,expressive,15,6.95E-05,13,8.93E-05,-1.284674074,28
face,fleshy,25,0.000115891,3,2.06E-05,5.621832313,28
face,for,11,5.10E-05,17,0.000116815,-2.29085237,28
face,perfect,7,3.24E-05,21,0.000144301,-4.446948718,28
face,rosy,13,6.03E-05,15,0.000103072,-1.710364892,28
face,compose,14,6.49E-05,15,0.000103072,-1.588195971,29
face,placid,17,7.88E-05,12,8.25E-05,-1.046340875,29
face,scarlet,21,9.73E-05,8,5.50E-05,1.770877179,29
face,strangely,19,8.81E-05,10,6.87E-05,1.281777767,29
face,visible,20,9.27E-05,9,6.18E-05,1.499155284,29
face,youthful,17,7.88E-05,12,8.25E-05,-1.046340875,29
face,animate,20,9.27E-05,10,6.87E-05,1.349239755,30
face,before,18,8.34E-05,12,8.25E-05,1.011929816,30
face,brave,20,9.27E-05,10,6.87E-05,1.349239755,30
face,fair,14,6.49E-05,16,0.000109944,-1.694075702,30
face,honest,17,7.88E-05,13,8.93E-05,-1.133535948,30
face,plump,19,8.81E-05,11,7.56E-05,1.165252516,30
face,smear,17,7.88E-05,13,8.93E-05,-1.133535948,30
face,sullen,20,9.27E-05,10,6.87E-05,1.349239755,30
face,nice,20,9.27E-05,11,7.56E-05,1.226581596,31
face,immediately,24,0.000111255,8,5.50E-05,2.023859633,32
face,naked,18,8.34E-05,14,9.62E-05,-1.152912631,32
face,taut,19,8.81E-05,13,8.93E-05,-1.014216374,32
face,age,19,8.81E-05,14,9.62E-05,-1.092233018,33
face,low,22,0.000101984,11,7.56E-05,1.349239755,33
face,shadow,21,9.73E-05,12,8.25E-05,1.180584786,33
face,damp,17,7.88E-05,17,0.000116815,-1.482316239,34
face,gently,17,7.88E-05,17,0.000116815,-1.482316239,34
face,new,23,0.00010662,11,7.56E-05,1.410568835,34
face,shiny,23,0.00010662,11,7.56E-05,1.410568835,34
face,upturn,10,4.64E-05,24,0.000164916,-3.557558974,34
face,batter,26,0.000120527,9,6.18E-05,1.948901869,35
face,deep,21,9.73E-05,14,9.62E-05,1.011929816,35
face,great,24,0.000111255,11,7.56E-05,1.471897915,35
face,weary,15,6.95E-05,20,0.00013743,-1.976421652,35
face,worry,19,8.81E-05,16,0.000109944,-1.248266307,35
face,beard,36,0.000166883,0,0,Inf,36
face,delicate,15,6.95E-05,21,0.000144301,-2.075242735,36
face,aside,19,8.81E-05,18,0.000123687,-1.404299595,37
face,different,25,0.000115891,12,8.25E-05,1.405458078,37
face,friendly,28,0.000129798,9,6.18E-05,2.098817397,37
face,funny,25,0.000115891,12,8.25E-05,1.405458078,37
face,serene,14,6.49E-05,24,0.000164916,-2.541113553,38
face,tense,23,0.00010662,16,0.000109944,-1.031176514,39
face,upward,22,0.000101984,17,0.000116815,-1.145426185,39
face,anxious,21,9.73E-05,19,0.000130558,-1.341143264,40
face,paint,20,9.27E-05,20,0.00013743,-1.482316239,40
face,pallid,25,0.000115891,15,0.000103072,1.124366463,40
face,scar,28,0.000129798,12,8.25E-05,1.574113048,40
face,stiff,20,9.27E-05,20,0.00013743,-1.482316239,40
face,weather,34,0.000157612,6,4.12E-05,3.822845973,40
face,boyish,39,0.00018079,2,1.37E-05,13.15508761,41
face,fresh,16,7.42E-05,25,0.000171787,-2.316119124,41
face,trouble,20,9.27E-05,21,0.000144301,-1.556432051,41
face,dead,23,0.00010662,19,0.000130558,-1.224522111,42
face,rather,23,0.00010662,19,0.000130558,-1.224522111,42
face,burn,31,0.000143705,12,8.25E-05,1.742768017,43
face,strain,24,0.000111255,19,0.000130558,-1.173500356,43
face,angular,21,9.73E-05,23,0.000158044,-1.623489215,44
face,freckle,27,0.000125162,17,0.000116815,1.0714551,44
face,stain,9,4.17E-05,35,0.000240502,-5.764563153,44
face,bloody,33,0.000152976,12,8.25E-05,1.855204663,45
face,crease,30,0.000139069,15,0.000103072,1.349239755,45
face,dirty,29,0.000134434,17,0.000116815,1.150822144,46
face,fine,22,0.000101984,24,0.000164916,-1.617072261,46
face,gentle,19,8.81E-05,27,0.00018553,-2.106449393,46
face,happy,23,0.00010662,23,0.000158044,-1.482316239,46
face,clear,22,0.000101984,25,0.000171787,-1.684450272,47
face,shave,47,0.000217875,0,0,Inf,47
face,pleasant,38,0.000176154,10,6.87E-05,2.563555535,48
face,radiant,19,8.81E-05,29,0.000199273,-2.262482681,48
face,rigid,30,0.000139069,18,0.000123687,1.124366463,48
face,clean,34,0.000157612,15,0.000103072,1.529138389,49
face,eager,20,9.27E-05,29,0.000199273,-2.149358547,49
face,light,23,0.00010662,26,0.000178659,-1.675661836,49
face,solemn,35,0.000162247,14,9.62E-05,1.686549694,49
face,carefully,28,0.000129798,22,0.000151173,-1.164677045,50
face,half,27,0.000125162,23,0.000158044,-1.262713834,50
face,streak,22,0.000101984,28,0.000192402,-1.886584305,50
face,distort,26,0.000120527,25,0.000171787,-1.425304076,51
face,enough,27,0.000125162,24,0.000164916,-1.317614435,51
face,angry,27,0.000125162,25,0.000171787,-1.372515036,52
face,flat,29,0.000134434,24,0.000164916,-1.226744474,53
face,sharp,26,0.000120527,27,0.00018553,-1.539328402,53
face,strange,38,0.000176154,15,0.000103072,1.709037023,53
face,strike,23,0.00010662,32,0.000219887,-2.062353029,55
face,blue,30,0.000139069,26,0.000178659,-1.284674074,56
face,plain,16,7.42E-05,40,0.000274859,-3.705790598,56
face,grave,40,0.000185426,18,0.000123687,1.499155284,58
face,hide,28,0.000129798,32,0.000219887,-1.694075702,60
face,kind,44,0.000203968,17,0.000116815,1.746074977,61
face,purple,51,0.000236418,10,6.87E-05,3.440561376,61
face,stern,40,0.000185426,21,0.000144301,1.284990243,61
face,bruise,40,0.000185426,22,0.000151173,1.226581596,62
face,deeply,45,0.000208604,18,0.000123687,1.686549694,63
face,strong,31,0.000143705,32,0.000219887,-1.530132892,63
face,wear,38,0.000176154,25,0.000171787,1.025422214,63
face,forward,47,0.000217875,17,0.000116815,1.865125544,64
face,tan,50,0.000231782,14,9.62E-05,2.409356706,64
face,grim,53,0.000245689,12,8.25E-05,2.979571126,65
face,square,48,0.000222511,17,0.000116815,1.904809066,65
face,twist,41,0.000190061,24,0.000164916,1.152475624,65
face,tight,39,0.00018079,27,0.00018553,-1.026218935,66
face,warm,28,0.000129798,38,0.000261116,-2.011714896,66
face,down,42,0.000194697,26,0.000178659,1.089770572,68
face,puffy,35,0.000162247,33,0.000226759,-1.397612454,68
face,fat,57,0.000264231,12,8.25E-05,3.204444419,69
face,haggard,52,0.000241053,17,0.000116815,2.063543155,69
face,lean,57,0.000264231,12,8.25E-05,3.204444419,69
face,yellow,46,0.000213239,23,0.000158044,1.349239755,69
face,shape,24,0.000111255,46,0.000316088,-2.841106125,70
face,contort,50,0.000231782,23,0.000158044,1.466564951,73
face,impassive,53,0.000245689,21,0.000144301,1.702612072,74
face,pinch,37,0.000171519,38,0.000261116,-1.52237884,75
face,wide,45,0.000208604,33,0.000226759,-1.087031909,78
face,large,56,0.000259596,23,0.000158044,1.642552746,79
face,like,54,0.000250324,25,0.000171787,1.457178936,79
face,clearly,50,0.000231782,30,0.000206144,1.124366463,80
face,gray,54,0.000250324,26,0.000178659,1.401133592,80
face,sweet,27,0.000125162,53,0.000364189,-2.909731877,80
face,ugly,53,0.000245689,27,0.00018553,1.324253834,80
face,straight,52,0.000241053,30,0.000206144,1.169341121,82
face,heavy,62,0.00028741,21,0.000144301,1.991734877,83
face,tire,50,0.000231782,33,0.000226759,1.02215133,83
face,open,60,0.000278138,25,0.000171787,1.619087706,85
face,completely,56,0.000259596,30,0.000206144,1.259290438,86
face,wrinkle,56,0.000259596,30,0.000206144,1.259290438,86
face,narrow,63,0.000292045,26,0.000178659,1.634655857,89
face,cold,48,0.000222511,42,0.000288602,-1.297026709,90
face,slightly,38,0.000176154,54,0.00037106,-2.106449393,92
face,expressionless,60,0.000278138,36,0.000247373,1.124366463,96
face,soft,43,0.000199332,55,0.000377932,-1.895985888,98
face,familiar,64,0.000296681,36,0.000247373,1.199324227,100
face,lovely,14,6.49E-05,87,0.000597819,-9.21153663,101
face,slowly,61,0.000282774,43,0.000295474,-1.044911447,104
face,brown,72,0.000333766,40,0.000274859,1.21431578,112
face,turn,59,0.000273503,55,0.000377932,-1.381820223,114
face,draw,75,0.000347673,40,0.000274859,1.264912271,115
face,big,84,0.000389394,32,0.000219887,1.770877179,116
face,sad,69,0.000319859,49,0.000336703,-1.052659358,118
face,pink,72,0.000333766,50,0.000343574,-1.029386277,122
face,swell,67,0.000310588,55,0.000377932,-1.216826764,122
face,line,77,0.000356944,46,0.000316088,1.129255013,123
face,calm,60,0.000278138,70,0.000481004,-1.729368946,130
face,black,101,0.0004682,32,0.000219887,2.129268989,133
face,blank,80,0.000370851,57,0.000391675,-1.056150321,137
face,serious,94,0.00043575,47,0.00032296,1.349239755,141
face,bright,71,0.00032913,71,0.000487875,-1.482316239,142
face,good,86,0.000398665,56,0.000384803,1.036023383,142
face,right,95,0.000440386,48,0.000329831,1.335185174,143
face,hot,77,0.000356944,71,0.000487875,-1.366811078,148
face,cover,93,0.000431114,59,0.000405417,1.063383875,152
face,broad,108,0.000500649,50,0.000343574,1.457178936,158
face,wet,70,0.000324495,89,0.000611562,-1.884659219,159
face,old,89,0.000412572,71,0.000487875,-1.182521944,160
face,full,84,0.000389394,77,0.000529104,-1.358789886,161
face,smooth,81,0.000375487,80,0.000549719,-1.464016039,161
face,small,66,0.000305952,96,0.000659662,-2.156096348,162
face,young,102,0.000472835,65,0.000446646,1.058634269,167
face,pretty,21,9.73E-05,148,0.001016979,-10.44680016,169
face,whole,100,0.000463564,75,0.000515361,-1.11173718,175
face,beautiful,59,0.000273503,142,0.000975751,-3.567608576,201
face,back,113,0.000523827,96,0.000659662,-1.259312911,209
face,hard,135,0.000625811,86,0.000590948,1.05899632,221
face,handsome,213,0.000987391,44,0.000302345,3.265773498,257
face,little,132,0.000611904,149,0.001023851,-1.673220604,281
face,dark,209,0.000968849,74,0.00050849,1.90534533,283
face,thin,171,0.000792694,118,0.000810835,-1.02288489,289
face,flush,168,0.000778787,142,0.000975751,-1.252910155,310
face,round,159,0.000737067,156,0.001071951,-1.454348008,315
face,long,211,0.00097812,115,0.000790221,1.237780819,326
face,with,220,0.001019841,134,0.000920779,1.107584874,354
face,still,295,0.001367513,217,0.001491112,-1.090381776,512
face,pale,326,0.001511218,258,0.001772843,-1.173121441,584
face,white,307,0.001423141,295,0.002027087,-1.424375539,602
face,red,463,0.002146301,182,0.00125061,1.716203315,645
finger,carefully,13,6.03E-05,9,6.18E-05,-1.026218935,22
finger,cool,5,2.32E-05,17,0.000116815,-5.039875214,22
finger,dirty,18,8.34E-05,4,2.75E-05,3.035789449,22
finger,gnarl,17,7.88E-05,5,3.44E-05,2.293707584,22
finger,shake,10,4.64E-05,12,8.25E-05,-1.778779487,22
finger,slightly,9,4.17E-05,13,8.93E-05,-2.141123457,22
finger,crook,12,5.56E-05,11,7.56E-05,-1.358789886,23
finger,pale,15,6.95E-05,8,5.50E-05,1.264912271,23
finger,with,8,3.71E-05,15,0.000103072,-2.779342949,23
finger,manicure,15,6.95E-05,10,6.87E-05,1.011929816,25
finger,tight,13,6.03E-05,12,8.25E-05,-1.368291913,25
finger,wet,10,4.64E-05,15,0.000103072,-2.223474359,25
finger,short,16,7.42E-05,10,6.87E-05,1.079391804,26
finger,wide,17,7.88E-05,9,6.18E-05,1.274281991,26
finger,nervously,12,5.56E-05,17,0.000116815,-2.099948006,29
finger,delicate,15,6.95E-05,17,0.000116815,-1.679958405,32
finger,tiny,12,5.56E-05,21,0.000144301,-2.594053419,33
finger,numb,22,0.000101984,13,8.93E-05,1.141664408,35
finger,stain,27,0.000125162,8,5.50E-05,2.276842087,35
finger,big,36,0.000166883,3,2.06E-05,8.095438531,39
finger,slender,9,4.17E-05,30,0.000206144,-4.941054131,39
finger,stiff,25,0.000115891,14,9.62E-05,1.204678353,39
finger,tightly,16,7.42E-05,23,0.000158044,-2.130829594,39
finger,small,14,6.49E-05,27,0.00018553,-2.858752747,41
finger,tremble,20,9.27E-05,21,0.000144301,-1.556432051,41
finger,stubby,28,0.000129798,14,9.62E-05,1.349239755,42
finger,fat,25,0.000115891,19,0.000130558,-1.126560342,44
finger,glove,20,9.27E-05,27,0.00018553,-2.001126923,47
finger,hard,34,0.000157612,21,0.000144301,1.092241707,55
finger,strong,37,0.000171519,20,0.00013743,1.248046774,57
finger,cold,30,0.000139069,29,0.000199273,-1.432905698,59
finger,lightly,29,0.000134434,36,0.000247373,-1.840116711,65
finger,thin,34,0.000157612,32,0.000219887,-1.395121166,66
finger,down,45,0.000208604,28,0.000192402,1.084210518,73
finger,white,40,0.000185426,43,0.000295474,-1.593489957,83
finger,gently,57,0.000264231,34,0.00023363,1.130980383,91
finger,thick,81,0.000375487,10,6.87E-05,5.464421009,91
finger,slowly,64,0.000296681,34,0.00023363,1.269872711,98
finger,right,56,0.000259596,43,0.000295474,-1.138207112,99
finger,still,66,0.000305952,40,0.000274859,1.113122798,106
finger,back,78,0.00036158,52,0.000357317,1.011929816,130
finger,middle,139,0.000644354,64,0.000439775,1.465190047,203
finger,little,190,0.000880771,173,0.001188767,-1.349687944,363
finger,long,258,0.001195995,121,0.000831449,1.438445689,379
foot,fast,13,6.03E-05,9,6.18E-05,-1.026218935,22
foot,last,15,6.95E-05,7,4.81E-05,1.445614023,22
foot,plant,16,7.42E-05,6,4.12E-05,1.79898634,22
foot,bind,6,2.78E-05,17,0.000116815,-4.199896012,23
foot,flat,15,6.95E-05,9,6.18E-05,1.124366463,24
foot,high,14,6.49E-05,10,6.87E-05,-1.058797314,24
foot,impatiently,10,4.64E-05,14,9.62E-05,-2.075242735,24
foot,heavy,15,6.95E-05,10,6.87E-05,1.011929816,25
foot,front,19,8.81E-05,13,8.93E-05,-1.014216374,32
foot,bad,21,9.73E-05,12,8.25E-05,1.180584786,33
foot,barely,26,0.000120527,8,5.50E-05,2.192514602,34
foot,numb,26,0.000120527,8,5.50E-05,2.192514602,34
foot,forward,21,9.73E-05,15,0.000103072,-1.058797314,36
foot,stockinged,10,4.64E-05,26,0.000178659,-3.854022222,36
foot,wide,24,0.000111255,13,8.93E-05,1.245452082,37
foot,carefully,23,0.00010662,16,0.000109944,-1.031176514,39
foot,large,20,9.27E-05,19,0.000130558,-1.408200427,39
foot,sore,32,0.00014834,9,6.18E-05,2.398648454,41
foot,white,20,9.27E-05,22,0.000151173,-1.630547863,42
foot,stockinge,30,0.000139069,14,9.62E-05,1.445614023,44
foot,naked,18,8.34E-05,28,0.000192402,-2.305825261,46
foot,boot,29,0.000134434,19,0.000130558,1.029682971,48
foot,other,33,0.000152976,15,0.000103072,1.484163731,48
foot,slowly,31,0.000143705,18,0.000123687,1.161845345,49
foot,long,24,0.000111255,26,0.000178659,-1.605842593,50
foot,wet,21,9.73E-05,29,0.000199273,-2.04700814,50
foot,tiny,16,7.42E-05,35,0.000240502,-3.242566774,51
foot,down,32,0.00014834,21,0.000144301,1.027992194,53
foot,hard,41,0.000190061,13,8.93E-05,2.127647306,54
foot,firmly,42,0.000194697,15,0.000103072,1.888935657,57
foot,good,47,0.000217875,11,7.56E-05,2.88246675,58
foot,stock,45,0.000208604,16,0.000109944,1.897368406,61
foot,swell,25,0.000115891,43,0.000295474,-2.549583932,68
foot,apart,48,0.000222511,22,0.000151173,1.471897915,70
foot,big,51,0.000236418,23,0.000158044,1.49589625,74
foot,cold,52,0.000241053,36,0.000247373,-1.026218935,88
foot,small,39,0.00018079,52,0.000357317,-1.976421652,91
foot,still,65,0.000301317,34,0.00023363,1.289714472,99
foot,little,34,0.000157612,79,0.000542847,-3.44420538,113
foot,back,99,0.000458928,54,0.00037106,1.236803109,153
foot,right,198,0.000917856,95,0.000652791,1.40604985,293
foot,bare,418,0.001937697,488,0.003353284,-1.730551016,906
hair,bushy,16,7.42E-05,6,4.12E-05,1.79898634,22
hair,dress,2,9.27E-06,20,0.00013743,-14.82316239,22
hair,dull,5,2.32E-05,17,0.000116815,-5.039875214,22
hair,soak,10,4.64E-05,12,8.25E-05,-1.778779487,22
hair,wear,9,4.17E-05,13,8.93E-05,-2.141123457,22
hair,draw,1,4.64E-06,22,0.000151173,-32.61095727,23
hair,flow,12,5.56E-05,11,7.56E-05,-1.358789886,23
hair,loosely,2,9.27E-06,21,0.000144301,-15.56432051,23
hair,trim,21,9.73E-05,2,1.37E-05,7.083508715,23
hair,wave,9,4.17E-05,14,9.62E-05,-2.305825261,23
hair,wildly,9,4.17E-05,14,9.62E-05,-2.305825261,23
hair,facial,20,9.27E-05,4,2.75E-05,3.373099388,24
hair,lightly,9,4.17E-05,15,0.000103072,-2.470527066,24
hair,longish,21,9.73E-05,3,2.06E-05,4.722339143,24
hair,windblown,10,4.64E-05,14,9.62E-05,-2.075242735,24
hair,aside,11,5.10E-05,14,9.62E-05,-1.886584305,25
hair,messy,13,6.03E-05,13,8.93E-05,-1.482316239,26
hair,same,14,6.49E-05,13,8.93E-05,-1.376436508,27
hair,bob,0,0,28,0.000192402,#NAME?,28
hair,colour,10,4.64E-05,19,0.000130558,-2.816400855,29
hair,freshly,14,6.49E-05,15,0.000103072,-1.588195971,29
hair,mussed,19,8.81E-05,10,6.87E-05,1.281777767,29
hair,rumple,24,0.000111255,5,3.44E-05,3.238175413,29
hair,silvery,17,7.88E-05,12,8.25E-05,-1.046340875,29
hair,sparse,21,9.73E-05,8,5.50E-05,1.770877179,29
hair,unruly,23,0.00010662,6,4.12E-05,2.586042864,29
hair,arrange,7,3.24E-05,23,0.000158044,-4.870467644,30
hair,clean,17,7.88E-05,13,8.93E-05,-1.133535948,30
hair,flat,17,7.88E-05,13,8.93E-05,-1.133535948,30
hair,neat,13,6.03E-05,17,0.000116815,-1.938413544,30
hair,stiff,20,9.27E-05,11,7.56E-05,1.226581596,31
hair,tightly,3,1.39E-05,28,0.000192402,-13.83495157,31
hair,wash,10,4.64E-05,21,0.000144301,-3.112864103,31
hair,pin,1,4.64E-06,31,0.000213016,-45.95180342,32
hair,wavy,24,0.000111255,8,5.50E-05,2.023859633,32
hair,like,16,7.42E-05,17,0.000116815,-1.574961004,33
hair,completely,18,8.34E-05,16,0.000109944,-1.317614435,34
hair,enough,17,7.88E-05,18,0.000123687,-1.569511312,35
hair,pretty,11,5.10E-05,24,0.000164916,-3.234144522,35
hair,sleek,21,9.73E-05,14,9.62E-05,1.011929816,35
hair,frizzy,10,4.64E-05,26,0.000178659,-3.854022222,36
hair,slightly,23,0.00010662,13,8.93E-05,1.193558245,36
hair,uncombed,15,6.95E-05,21,0.000144301,-2.075242735,36
hair,blue,15,6.95E-05,22,0.000151173,-2.174063818,37
hair,high,8,3.71E-05,29,0.000199273,-5.373396368,37
hair,coarse,24,0.000111255,14,9.62E-05,1.156491219,38
hair,sweep,18,8.34E-05,20,0.00013743,-1.647018044,38
hair,wiry,28,0.000129798,11,7.56E-05,1.717214234,39
hair,untidy,24,0.000111255,16,0.000109944,1.011929816,40
hair,unkempt,27,0.000125162,14,9.62E-05,1.301052621,41
hair,bleach,23,0.00010662,19,0.000130558,-1.224522111,42
hair,shine,10,4.64E-05,32,0.000219887,-4.743411966,42
hair,plaster,29,0.000134434,14,9.62E-05,1.397426889,43
hair,shaggy,40,0.000185426,3,2.06E-05,8.994931702,43
hair,heavy,13,6.03E-05,31,0.000213016,-3.534754109,44
hair,pile,4,1.85E-05,40,0.000274859,-14.82316239,44
hair,silver,34,0.000157612,10,6.87E-05,2.293707584,44
hair,lovely,8,3.71E-05,37,0.000254245,-6.855712607,45
hair,dirty,24,0.000111255,22,0.000151173,-1.358789886,46
hair,full,22,0.000101984,24,0.000164916,-1.617072261,46
hair,tight,8,3.71E-05,39,0.000267988,-7.226291667,47
hair,pubic,12,5.56E-05,36,0.000247373,-4.446948718,48
hair,streak,21,9.73E-05,28,0.000192402,-1.976421652,49
hair,braid,1,4.64E-06,51,0.000350446,-75.59812821,52
hair,glossy,16,7.42E-05,38,0.000261116,-3.520501069,54
hair,gently,22,0.000101984,33,0.000226759,-2.223474359,55
hair,silky,20,9.27E-05,35,0.000240502,-2.594053419,55
hair,tousle,32,0.00014834,23,0.000158044,-1.065414797,55
hair,good,31,0.000143705,30,0.000206144,-1.434499586,61
hair,reddish,35,0.000162247,27,0.00018553,-1.143501099,62
hair,carefully,29,0.000134434,36,0.000247373,-1.840116711,65
hair,shiny,21,9.73E-05,44,0.000302345,-3.105805454,65
hair,smooth,33,0.000152976,32,0.000219887,-1.437397565,65
hair,brush,32,0.00014834,35,0.000240502,-1.621283387,67
hair,curl,32,0.00014834,37,0.000254245,-1.713928152,69
hair,sandy,54,0.000250324,16,0.000109944,2.276842087,70
hair,forward,33,0.000152976,38,0.000261116,-1.706909609,71
hair,color,31,0.000143705,41,0.000281731,-1.960482768,72
hair,little,40,0.000185426,33,0.000226759,-1.222910897,73
hair,part,40,0.000185426,33,0.000226759,-1.222910897,73
hair,tangle,30,0.000139069,43,0.000295474,-2.124653276,73
hair,dishevel,37,0.000171519,37,0.000254245,-1.482316239,74
hair,pale,35,0.000162247,40,0.000274859,-1.694075702,75
hair,grey,39,0.00018079,37,0.000254245,-1.406300022,76
hair,tie,10,4.64E-05,69,0.000474132,-10.22798205,79
hair,dye,14,6.49E-05,66,0.000453518,-6.988062271,80
hair,bright,25,0.000115891,60,0.000412289,-3.557558974,85
hair,slick,72,0.000333766,13,8.93E-05,3.736356245,85
hair,wild,48,0.000222511,48,0.000329831,-1.482316239,96
hair,beautiful,20,9.27E-05,77,0.000529104,-5.706917522,97
hair,neatly,60,0.000278138,37,0.000254245,1.09397818,97
hair,down,21,9.73E-05,78,0.000535976,-5.505746032,99
hair,mat,59,0.000273503,40,0.000274859,-1.004960162,99
hair,with,52,0.000241053,48,0.000329831,-1.368291913,100
hair,fine,49,0.000227146,56,0.000384803,-1.694075702,105
hair,light,44,0.000203968,61,0.00041916,-2.055029332,105
hair,soft,34,0.000157612,76,0.000522233,-3.31341277,110
hair,damp,59,0.000273503,55,0.000377932,-1.381820223,114
hair,blonde,11,5.10E-05,111,0.000762735,-14.95791842,122
hair,crop,85,0.000394029,43,0.000295474,1.333550921,128
hair,yellow,60,0.000278138,84,0.000577205,-2.075242735,144
hair,comb,111,0.000514556,43,0.000295474,1.741460614,154
hair,golden,46,0.000213239,109,0.000748992,-3.512445002,155
hair,curly,111,0.000514556,64,0.000439775,1.17004385,175
hair,fair,85,0.000394029,92,0.000632176,-1.604389341,177
hair,loose,16,7.42E-05,189,0.00129871,-17.50986058,205
hair,thin,145,0.000672168,66,0.000453518,1.482119428,211
hair,cut,110,0.00050992,109,0.000748992,-1.468840637,219
hair,wet,106,0.000491378,128,0.00087955,-1.78996678,234
hair,still,125,0.000579455,158,0.001085694,-1.873647727,283
hair,straight,113,0.000523827,176,0.001209381,-2.308740337,289
hair,thick,278,0.001288708,155,0.00106508,1.209963393,433
hair,gray,275,0.001274801,160,0.001099437,1.159502915,435
hair,short,172,0.00079733,293,0.002013344,-2.525108478,465
hair,red,176,0.000815872,334,0.002295075,-2.813031954,510
hair,brown,230,0.001066197,288,0.001978987,-1.856117726,518
hair,blond,218,0.001010569,335,0.002301947,-2.277871285,553
hair,white,410,0.001900612,233,0.001601055,1.187099355,643
hair,dark,396,0.001835713,582,0.003999203,-2.178555685,978
hair,black,547,0.002535694,529,0.003635014,-1.433538008,1076
hair,long,570,0.002642314,828,0.005689588,-2.153259379,1398
hair,back,484,0.002243649,981,0.006740924,-3.004446758,1465
hand,before,11,5.10E-05,11,7.56E-05,-1.482316239,22
hand,reluctantly,15,6.95E-05,8,5.50E-05,1.264912271,23
hand,blue,8,3.71E-05,16,0.000109944,-2.964632479,24
hand,calloused,20,9.27E-05,4,2.75E-05,3.373099388,24
hand,constantly,17,7.88E-05,7,4.81E-05,1.63836256,24
hand,convulsively,16,7.42E-05,8,5.50E-05,1.349239755,24
hand,curl,10,4.64E-05,14,9.62E-05,-2.075242735,24
hand,deep,17,7.88E-05,7,4.81E-05,1.63836256,24
hand,scar,20,9.27E-05,4,2.75E-05,3.373099388,24
hand,cripple,21,9.73E-05,4,2.75E-05,3.541754358,25
hand,for,17,7.88E-05,8,5.50E-05,1.43356724,25
hand,graceful,7,3.24E-05,18,0.000123687,-3.81167033,25
hand,neat,9,4.17E-05,16,0.000109944,-2.63522887,25
hand,press,9,4.17E-05,16,0.000109944,-2.63522887,25
hand,absently,18,8.34E-05,8,5.50E-05,1.517894725,26
hand,awkwardly,18,8.34E-05,8,5.50E-05,1.517894725,26
hand,freckle,18,8.34E-05,8,5.50E-05,1.517894725,26
hand,hardly,21,9.73E-05,5,3.44E-05,2.833403486,26
hand,pretty,4,1.85E-05,22,0.000151173,-8.152739317,26
hand,sticky,14,6.49E-05,12,8.25E-05,-1.270556777,26
hand,unsteady,19,8.81E-05,7,4.81E-05,1.831111096,26
hand,wrinkle,13,6.03E-05,13,8.93E-05,-1.482316239,26
hand,busy,11,5.10E-05,16,0.000109944,-2.156096348,27
hand,easily,22,0.000101984,5,3.44E-05,2.968327462,27
hand,half,16,7.42E-05,11,7.56E-05,-1.019092415,27
hand,hastily,15,6.95E-05,12,8.25E-05,-1.185852991,27
hand,manicure,15,6.95E-05,12,8.25E-05,-1.185852991,27
hand,wither,17,7.88E-05,10,6.87E-05,1.146853792,27
hand,cautiously,23,0.00010662,5,3.44E-05,3.103251437,28
hand,freeze,19,8.81E-05,9,6.18E-05,1.424197519,28
hand,impulsively,14,6.49E-05,14,9.62E-05,-1.482316239,28
hand,protectively,13,6.03E-05,15,0.000103072,-1.710364892,28
hand,casually,22,0.000101984,7,4.81E-05,2.120233901,29
hand,hold,14,6.49E-05,15,0.000103072,-1.588195971,29
hand,tentatively,16,7.42E-05,13,8.93E-05,-1.204381944,29
hand,vigorously,19,8.81E-05,10,6.87E-05,1.281777767,29
hand,bad,21,9.73E-05,9,6.18E-05,1.574113048,30
hand,elegant,18,8.34E-05,12,8.25E-05,1.011929816,30
hand,low,22,0.000101984,8,5.50E-05,1.855204663,30
hand,raw,19,8.81E-05,11,7.56E-05,1.165252516,30
hand,vague,20,9.27E-05,10,6.87E-05,1.349239755,30
hand,veined,18,8.34E-05,12,8.25E-05,1.011929816,30
hand,barely,24,0.000111255,7,4.81E-05,2.312982438,31
hand,dark,21,9.73E-05,10,6.87E-05,1.416701743,31
hand,stiff,20,9.27E-05,11,7.56E-05,1.226581596,31
hand,straight,17,7.88E-05,14,9.62E-05,-1.220731021,31
hand,smooth,16,7.42E-05,16,0.000109944,-1.482316239,32
hand,square,26,0.000120527,6,4.12E-05,2.923352803,32
hand,swell,22,0.000101984,10,6.87E-05,1.484163731,32
hand,damp,21,9.73E-05,12,8.25E-05,1.180584786,33
hand,like,22,0.000101984,11,7.56E-05,1.349239755,33
hand,mittened,13,6.03E-05,20,0.00013743,-2.280486522,33
hand,stain,21,9.73E-05,12,8.25E-05,1.180584786,33
hand,aside,24,0.000111255,10,6.87E-05,1.619087706,34
hand,dead,25,0.000115891,9,6.18E-05,1.873944104,34
hand,rather,23,0.00010662,11,7.56E-05,1.410568835,34
hand,twice,21,9.73E-05,13,8.93E-05,1.089770572,34
hand,loosely,26,0.000120527,9,6.18E-05,1.948901869,35
hand,shaky,18,8.34E-05,17,0.000116815,-1.399965337,35
hand,weak,29,0.000134434,6,4.12E-05,3.260662742,35
hand,cuff,26,0.000120527,10,6.87E-05,1.754011682,36
hand,last,24,0.000111255,12,8.25E-05,1.349239755,36
hand,gnarl,26,0.000120527,12,8.25E-05,1.461676402,38
hand,impatiently,25,0.000115891,13,8.93E-05,1.297345918,38
hand,badly,24,0.000111255,15,0.000103072,1.079391804,39
hand,helplessly,29,0.000134434,10,6.87E-05,1.956397645,39
hand,whole,21,9.73E-05,18,0.000123687,-1.270556777,39
hand,dismissively,27,0.000125162,13,8.93E-05,1.401133592,40
hand,extend,25,0.000115891,15,0.000103072,1.124366463,40
hand,fine,22,0.000101984,18,0.000123687,-1.212804196,40
hand,powerful,32,0.00014834,8,5.50E-05,2.69847951,40
hand,tenderly,22,0.000101984,18,0.000123687,-1.212804196,40
hand,violently,26,0.000120527,14,9.62E-05,1.252865487,40
hand,slender,13,6.03E-05,28,0.000192402,-3.192681131,41
hand,enormous,34,0.000157612,8,5.50E-05,2.86713448,42
hand,upward,28,0.000129798,14,9.62E-05,1.349239755,42
hand,heavily,34,0.000157612,9,6.18E-05,2.548563982,43
hand,loose,26,0.000120527,17,0.000116815,1.031771578,43
hand,round,30,0.000139069,13,8.93E-05,1.556815102,43
hand,injure,35,0.000162247,11,7.56E-05,2.146517792,46
hand,burn,39,0.00018079,8,5.50E-05,3.288771903,47
hand,cover,26,0.000120527,22,0.000151173,-1.254267587,48
hand,immediately,34,0.000157612,16,0.000109944,1.43356724,50
hand,broad,43,0.000199332,8,5.50E-05,3.626081842,51
hand,forth,37,0.000171519,14,9.62E-05,1.782923962,51
hand,warmly,41,0.000190061,10,6.87E-05,2.765941498,51
hand,fast,36,0.000166883,17,0.000116815,1.4286068,53
hand,apart,37,0.000171519,18,0.000123687,1.386718637,55
hand,briefly,32,0.00014834,23,0.000158044,-1.065414797,55
hand,pale,30,0.000139069,25,0.000171787,-1.235263533,55
hand,clean,42,0.000194697,14,9.62E-05,2.023859633,56
hand,firm,35,0.000162247,21,0.000144301,1.124366463,56
hand,raise,41,0.000190061,15,0.000103072,1.843960999,56
hand,bind,34,0.000157612,23,0.000158044,-1.002743338,57
hand,numb,37,0.000171519,20,0.00013743,1.248046774,57
hand,plump,22,0.000101984,35,0.000240502,-2.358230381,57
hand,gentle,34,0.000157612,28,0.000192402,-1.220731021,62
hand,dirty,46,0.000213239,17,0.000116815,1.825442022,63
hand,wide,44,0.000203968,19,0.000130558,1.562277611,63
hand,fat,37,0.000171519,27,0.00018553,-1.081690229,64
hand,nervously,44,0.000203968,20,0.00013743,1.484163731,64
hand,limp,36,0.000166883,29,0.000199273,-1.194088082,65
hand,black,45,0.000208604,23,0.000158044,1.319908456,68
hand,carefully,47,0.000217875,21,0.000144301,1.509863536,68
hand,cool,14,6.49E-05,54,0.00037106,-5.717505495,68
hand,thick,57,0.000264231,11,7.56E-05,3.495757548,68
hand,hot,33,0.000152976,37,0.000254245,-1.661990935,70
hand,enough,50,0.000231782,21,0.000144301,1.606237804,71
hand,finger,57,0.000264231,15,0.000103072,2.563555535,72
hand,beautiful,38,0.000176154,35,0.000240502,-1.365291273,73
hand,old,44,0.000203968,29,0.000199273,1.023561194,73
hand,delicate,32,0.00014834,42,0.000288602,-1.945540064,74
hand,bandage,55,0.00025496,20,0.00013743,1.855204663,75
hand,shake,58,0.000268867,17,0.000116815,2.301644288,75
hand,great,72,0.000333766,4,2.75E-05,12.1431578,76
hand,upper,51,0.000236418,25,0.000171787,1.37622455,76
hand,heavy,64,0.000296681,16,0.000109944,2.69847951,80
hand,with,50,0.000231782,31,0.000213016,1.088096577,81
hand,softly,46,0.000213239,40,0.000274859,-1.288970643,86
hand,tie,61,0.000282774,25,0.000171787,1.646072501,86
hand,wet,45,0.000208604,41,0.000281731,-1.350554796,86
hand,high,63,0.000292045,26,0.000178659,1.634655857,89
hand,rough,56,0.000259596,35,0.000240502,1.079391804,91
hand,bloody,60,0.000278138,32,0.000219887,1.264912271,92
hand,fold,46,0.000213239,46,0.000316088,-1.482316239,92
hand,tiny,30,0.000139069,62,0.000426032,-3.063453561,92
hand,brown,56,0.000259596,37,0.000254245,1.021046301,93
hand,full,63,0.000292045,30,0.000206144,1.416701743,93
hand,steady,63,0.000292045,31,0.000213016,1.371001687,94
hand,forward,72,0.000333766,25,0.000171787,1.942905248,97
hand,clench,69,0.000319859,29,0.000199273,1.605130054,98
hand,red,53,0.000245689,52,0.000357317,-1.454348008,105
hand,empty,75,0.000347673,35,0.000240502,1.445614023,110
hand,huge,106,0.000491378,5,3.44E-05,14.30194141,111
hand,firmly,70,0.000324495,51,0.000350446,-1.07997326,121
hand,slightly,76,0.000352309,47,0.00032296,1.090874696,123
hand,flat,72,0.000333766,56,0.000384803,-1.152912631,128
hand,tight,72,0.000333766,59,0.000405417,-1.214675807,131
hand,outstretch,102,0.000472835,31,0.000213016,2.219717017,133
hand,soft,72,0.000333766,65,0.000446646,-1.338202161,137
hand,down,94,0.00043575,46,0.000316088,1.378571054,140
hand,clasp,82,0.000380122,65,0.000446646,-1.175006775,147
hand,cup,100,0.000463564,48,0.000329831,1.405458078,148
hand,warm,80,0.000370851,73,0.000501618,-1.352613568,153
hand,tremble,98,0.000454293,58,0.000398546,1.139874966,156
hand,thin,80,0.000370851,88,0.00060469,-1.630547863,168
hand,open,114,0.000528463,59,0.000405417,1.303502814,173
hand,lightly,104,0.000482106,101,0.00069402,-1.439557117,205
hand,hard,134,0.000621176,73,0.000501618,1.238343337,207
hand,strong,145,0.000672168,65,0.000446646,1.504921265,210
hand,tightly,100,0.000463564,119,0.000817706,-1.763956325,219
hand,long,144,0.000667532,93,0.000639048,1.044572714,237
hand,cold,126,0.00058409,127,0.000872678,-1.494080654,253
hand,bare,185,0.000857593,91,0.000625305,1.371479971,276
hand,good,213,0.000987391,88,0.00060469,1.632886749,301
hand,white,146,0.000676803,162,0.00111318,-1.644761855,308
hand,gently,168,0.000778787,143,0.000982622,-1.261733466,311
hand,slowly,219,0.001015205,94,0.000645919,1.571720779,313
hand,large,240,0.001112553,77,0.000529104,2.102711307,317
hand,little,126,0.00058409,223,0.001532341,-2.623464455,349
hand,small,139,0.000644354,225,0.001546084,-2.399432762,364
hand,glove,197,0.000913221,205,0.001408654,-1.542511823,402
hand,big,393,0.001821806,63,0.000432903,4.208343046,456
hand,free,512,0.002373447,290,0.00199273,1.191053025,802
hand,still,519,0.002405897,328,0.002253846,1.06746255,847
hand,back,504,0.002336362,386,0.002652392,-1.135266009,890
hand,other,694,0.003217133,320,0.002198874,1.46308186,1014
hand,right,2530,0.011728166,753,0.005174226,2.266651116,3283
head,golden,9,4.17E-05,13,8.93E-05,-2.141123457,22
head,open,19,8.81E-05,3,2.06E-05,4.272592558,22
head,proudly,7,3.24E-05,15,0.000103072,-3.176391942,22
head,sever,17,7.88E-05,5,3.44E-05,2.293707584,22
head,cock,18,8.34E-05,5,3.44E-05,2.428631559,23
head,directly,14,6.49E-05,9,6.18E-05,1.049408699,23
head,disapprovingly,14,6.49E-05,9,6.18E-05,1.049408699,23
head,hot,15,6.95E-05,8,5.50E-05,1.264912271,23
head,sleek,16,7.42E-05,7,4.81E-05,1.541988292,23
head,light,11,5.10E-05,13,8.93E-05,-1.751828283,24
head,mournfully,11,5.10E-05,13,8.93E-05,-1.751828283,24
head,brown,18,8.34E-05,7,4.81E-05,1.734736828,25
head,curly,20,9.27E-05,5,3.44E-05,2.69847951,25
head,doubtfully,18,8.34E-05,7,4.81E-05,1.734736828,25
head,poor,16,7.42E-05,9,6.18E-05,1.199324227,25
head,way,16,7.42E-05,9,6.18E-05,1.199324227,25
head,blond,16,7.42E-05,10,6.87E-05,1.079391804,26
head,sorrowfully,19,8.81E-05,7,4.81E-05,1.831111096,26
head,thick,26,0.000120527,0,0,Inf,26
head,bandage,22,0.000101984,5,3.44E-05,2.968327462,27
head,hardly,18,8.34E-05,9,6.18E-05,1.349239755,27
head,backwards,14,6.49E-05,14,9.62E-05,-1.482316239,28
head,beautiful,11,5.10E-05,17,0.000116815,-2.29085237,28
head,narrow,25,0.000115891,3,2.06E-05,5.621832313,28
head,toward,17,7.88E-05,11,7.56E-05,1.042594356,28
head,wildly,18,8.34E-05,10,6.87E-05,1.21431578,28
head,rather,20,9.27E-05,9,6.18E-05,1.499155284,29
head,regretfully,21,9.73E-05,8,5.50E-05,1.770877179,29
head,deep,21,9.73E-05,9,6.18E-05,1.574113048,30
head,fast,16,7.42E-05,14,9.62E-05,-1.297026709,30
head,massive,27,0.000125162,3,2.06E-05,6.071578899,30
head,pretty,4,1.85E-05,26,0.000178659,-9.635055556,30
head,thoughtfully,21,9.73E-05,9,6.18E-05,1.574113048,30
head,upward,22,0.000101984,8,5.50E-05,1.855204663,30
head,solemnly,23,0.00010662,8,5.50E-05,1.939532148,31
head,cut,29,0.000134434,3,2.06E-05,6.521325484,32
head,fine,21,9.73E-05,11,7.56E-05,1.287910675,32
head,carefully,26,0.000120527,7,4.81E-05,2.505730974,33
head,heavily,22,0.000101984,12,8.25E-05,1.236803109,34
head,occasionally,23,0.00010662,11,7.56E-05,1.410568835,34
head,red,26,0.000120527,8,5.50E-05,2.192514602,34
head,throw,20,9.27E-05,14,9.62E-05,-1.037621368,34
head,angrily,20,9.27E-05,15,0.000103072,-1.11173718,35
head,cautiously,32,0.00014834,3,2.06E-05,7.195945361,35
head,last,24,0.000111255,12,8.25E-05,1.349239755,36
head,briefly,22,0.000101984,15,0.000103072,-1.010670163,37
head,handsome,33,0.000152976,4,2.75E-05,5.56561399,37
head,whole,25,0.000115891,12,8.25E-05,1.405458078,37
head,shape,35,0.000162247,4,2.75E-05,5.902923929,39
head,vehemently,25,0.000115891,14,9.62E-05,1.204678353,39
head,crop,32,0.00014834,8,5.50E-05,2.69847951,40
head,lower,19,8.81E-05,21,0.000144301,-1.638349528,40
head,old,26,0.000120527,14,9.62E-05,1.252865487,40
head,imperceptibly,24,0.000111255,17,0.000116815,-1.049974003,41
head,with,26,0.000120527,17,0.000116815,1.031771578,43
head,tilt,30,0.000139069,15,0.000103072,1.349239755,45
head,twice,31,0.000143705,14,9.62E-05,1.493801158,45
head,black,27,0.000125162,19,0.000130558,-1.043111428,46
head,immediately,31,0.000143705,15,0.000103072,1.394214414,46
head,shaggy,46,0.000213239,1,6.87E-06,31.03251437,47
head,half,27,0.000125162,21,0.000144301,-1.152912631,48
head,gray,39,0.00018079,11,7.56E-05,2.391834112,50
head,bare,38,0.000176154,16,0.000109944,1.602222209,54
head,straight,34,0.000157612,20,0.00013743,1.146853792,54
head,barely,30,0.000139069,25,0.000171787,-1.235263533,55
head,firmly,37,0.000171519,18,0.000123687,1.386718637,55
head,backward,37,0.000171519,21,0.000144301,1.188615975,58
head,gravely,37,0.000171519,21,0.000144301,1.188615975,58
head,ache,42,0.000194697,17,0.000116815,1.666707933,59
head,huge,54,0.000250324,6,4.12E-05,6.071578899,60
head,impatiently,31,0.000143705,32,0.000219887,-1.530132892,63
head,cover,35,0.000162247,29,0.000199273,-1.228204884,64
head,wearily,48,0.000222511,17,0.000116815,1.904809066,65
head,bald,61,0.000282774,5,3.44E-05,8.230362507,66
head,completely,53,0.000245689,13,8.93E-05,2.750373347,66
head,dark,41,0.000190061,28,0.000192402,-1.012313529,69
head,emphatically,38,0.000176154,32,0.000219887,-1.248266307,70
head,great,61,0.000282774,10,6.87E-05,4.115181253,71
head,white,51,0.000236418,21,0.000144301,1.63836256,72
head,clear,57,0.000264231,16,0.000109944,2.403333314,73
head,turn,50,0.000231782,33,0.000226759,1.02215133,83
head,sharply,55,0.00025496,32,0.000219887,1.159502915,87
head,long,61,0.000282774,27,0.00018553,1.524141205,88
head,small,54,0.000250324,34,0.00023363,1.0714551,88
head,aside,45,0.000208604,45,0.000309217,-1.482316239,90
head,vigorously,57,0.000264231,35,0.000240502,1.098666658,92
head,enough,70,0.000324495,23,0.000158044,2.053190932,93
head,bend,39,0.00018079,55,0.000377932,-2.090445979,94
head,heavy,74,0.000343037,25,0.000171787,1.996874838,99
head,violently,73,0.000338402,34,0.00023363,1.448448561,107
head,hard,68,0.000315223,50,0.000343574,-1.089938411,118
head,large,102,0.000472835,16,0.000109944,4.30070172,118
head,bow,71,0.00032913,54,0.00037106,-1.12739545,125
head,good,85,0.000394029,42,0.000288602,1.365302133,127
head,right,93,0.000431114,35,0.000240502,1.792561389,128
head,gently,79,0.000366215,51,0.000350446,1.044999418,130
head,full,110,0.00050992,35,0.000240502,2.120233901,145
head,little,84,0.000389394,78,0.000535976,-1.376436508,162
head,big,145,0.000672168,20,0.00013743,4.890994113,165
head,shave,142,0.000658261,26,0.000178659,3.684462409,168
head,round,131,0.000607269,42,0.000288602,2.104171523,173
head,low,121,0.000560912,54,0.00037106,1.511648244,175
head,forth,121,0.000560912,65,0.000446646,1.255830849,186
head,down,149,0.00069071,73,0.000501618,1.37696386,222
head,sadly,179,0.000829779,64,0.000439775,1.88682747,243
head,high,162,0.000750973,135,0.00092765,-1.235263533,297
head,still,275,0.001274801,127,0.000872678,1.460791074,402
head,forward,269,0.001246987,147,0.001010108,1.234508484,416
head,slightly,341,0.001580753,231,0.001587312,-1.004149711,572
head,slowly,580,0.00268867,319,0.002192003,1.226581596,899
head,back,1717,0.007959392,1229,0.008445052,-1.061017273,2946
heart,poor,10,4.64E-05,12,8.25E-05,-1.778779487,22
heart,straight,13,6.03E-05,9,6.18E-05,-1.026218935,22
heart,loud,12,5.56E-05,12,8.25E-05,-1.482316239,24
heart,tear,14,6.49E-05,11,7.56E-05,-1.164677045,25
heart,bad,17,7.88E-05,10,6.87E-05,1.146853792,27
heart,great,13,6.03E-05,14,9.62E-05,-1.596340565,27
heart,painfully,18,8.34E-05,9,6.18E-05,1.349239755,27
heart,secret,19,8.81E-05,8,5.50E-05,1.602222209,27
heart,tender,13,6.03E-05,14,9.62E-05,-1.596340565,27
heart,long,23,0.00010662,6,4.12E-05,2.586042864,29
heart,strong,21,9.73E-05,8,5.50E-05,1.770877179,29
heart,beat,22,0.000101984,9,6.18E-05,1.649070812,31
heart,young,14,6.49E-05,17,0.000116815,-1.799955434,31
heart,soft,16,7.42E-05,16,0.000109944,-1.482316239,32
heart,pound,16,7.42E-05,17,0.000116815,-1.574961004,33
heart,back,24,0.000111255,11,7.56E-05,1.471897915,35
heart,right,26,0.000120527,10,6.87E-05,1.754011682,36
heart,weak,24,0.000111255,13,8.93E-05,1.245452082,37
heart,old,20,9.27E-05,18,0.000123687,-1.334084615,38
heart,warm,20,9.27E-05,18,0.000123687,-1.334084615,38
heart,kind,23,0.00010662,17,0.000116815,-1.095625046,40
heart,cold,26,0.000120527,16,0.000109944,1.096257301,42
heart,with,27,0.000125162,15,0.000103072,1.21431578,42
heart,violently,29,0.000134434,17,0.000116815,1.150822144,46
heart,big,38,0.000176154,16,0.000109944,1.602222209,54
heart,deep,40,0.000185426,23,0.000158044,1.173251961,63
heart,wildly,31,0.000143705,34,0.00023363,-1.625766198,65
heart,little,38,0.000176154,36,0.000247373,-1.404299595,74
heart,heavy,42,0.000194697,36,0.000247373,-1.270556777,78
heart,full,54,0.000250324,33,0.000226759,1.103923436,87
heart,whole,57,0.000264231,30,0.000206144,1.281777767,87
heart,break,65,0.000301317,71,0.000487875,-1.619145431,136
heart,good,92,0.000426479,57,0.000391675,1.088860153,149
heart,still,105,0.000486742,74,0.00050849,-1.044680016,179
heart,hard,105,0.000486742,87,0.000597819,-1.228204884,192
heart,fast,179,0.000829779,119,0.000817706,1.014764354,298
leg,beautiful,4,1.85E-05,18,0.000123687,-6.670423077,22
leg,brown,6,2.78E-05,16,0.000109944,-3.952843305,22
leg,lame,16,7.42E-05,6,4.12E-05,1.79898634,22
leg,naked,8,3.71E-05,14,9.62E-05,-2.594053419,22
leg,prosthetic,15,6.95E-05,7,4.81E-05,1.445614023,22
leg,slim,3,1.39E-05,19,0.000130558,-9.388002849,22
leg,spindly,15,6.95E-05,7,4.81E-05,1.445614023,22
leg,sore,17,7.88E-05,6,4.12E-05,1.911422987,23
leg,stretch,17,7.88E-05,6,4.12E-05,1.911422987,23
leg,tire,11,5.10E-05,12,8.25E-05,-1.617072261,23
leg,amputate,20,9.27E-05,5,3.44E-05,2.69847951,25
leg,tight,11,5.10E-05,15,0.000103072,-2.021340326,26
leg,artificial,24,0.000111255,3,2.06E-05,5.396959021,27
leg,bend,18,8.34E-05,9,6.18E-05,1.349239755,27
leg,down,23,0.00010662,4,2.75E-05,3.879064296,27
leg,slightly,12,5.56E-05,15,0.000103072,-1.852895299,27
leg,great,12,5.56E-05,17,0.000116815,-2.099948006,29
leg,hairy,28,0.000129798,1,6.87E-06,18.88935657,29
leg,high,16,7.42E-05,13,8.93E-05,-1.204381944,29
leg,badly,25,0.000115891,5,3.44E-05,3.373099388,30
leg,numb,22,0.000101984,9,6.18E-05,1.649070812,31
leg,fat,16,7.42E-05,16,0.000109944,-1.482316239,32
leg,injure,26,0.000120527,7,4.81E-05,2.505730974,33
leg,heavy,19,8.81E-05,15,0.000103072,-1.170249663,34
leg,thick,24,0.000111255,10,6.87E-05,1.619087706,34
leg,swell,20,9.27E-05,15,0.000103072,-1.11173718,35
leg,slowly,24,0.000111255,12,8.25E-05,1.349239755,36
leg,last,30,0.000139069,7,4.81E-05,2.891228047,37
leg,skinny,24,0.000111255,17,0.000116815,-1.049974003,41
leg,strong,15,6.95E-05,31,0.000213016,-3.063453561,46
leg,forward,36,0.000166883,11,7.56E-05,2.207846872,47
leg,other,29,0.000134434,18,0.000123687,1.086887581,47
leg,low,39,0.00018079,11,7.56E-05,2.391834112,50
leg,white,22,0.000101984,33,0.000226759,-2.223474359,55
leg,straight,37,0.000171519,19,0.000130558,1.313733446,56
leg,wooden,51,0.000236418,5,3.44E-05,6.881122752,56
leg,cross,24,0.000111255,34,0.00023363,-2.099948006,58
leg,stiff,48,0.000222511,14,9.62E-05,2.312982438,62
leg,weak,43,0.000199332,23,0.000158044,1.261245858,66
leg,front,48,0.000222511,24,0.000164916,1.349239755,72
leg,wide,33,0.000152976,39,0.000267988,-1.751828283,72
leg,break,61,0.000282774,14,9.62E-05,2.939415181,75
leg,bad,85,0.000394029,18,0.000123687,3.185704978,103
leg,thin,60,0.000278138,43,0.000295474,-1.062326638,103
leg,little,74,0.000343037,31,0.000213016,1.610382934,105
leg,good,78,0.00036158,37,0.000254245,1.422171634,115
leg,still,73,0.000338402,43,0.000295474,1.145284909,116
leg,pant,99,0.000458928,19,0.000130558,3.515124625,118
leg,apart,54,0.000250324,68,0.000467261,-1.86662045,122
leg,short,101,0.0004682,45,0.000309217,1.514146836,146
leg,back,114,0.000528463,43,0.000295474,1.788527117,157
leg,bare,63,0.000292045,125,0.000858935,-2.94110365,188
leg,right,253,0.001172817,74,0.00050849,2.306470663,327
leg,long,327,0.001515854,266,0.001827814,-1.205798531,593
lip,dark,13,6.03E-05,9,6.18E-05,-1.026218935,22
lip,hardly,17,7.88E-05,5,3.44E-05,2.293707584,22
lip,softly,10,4.64E-05,12,8.25E-05,-1.778779487,22
lip,sweet,4,1.85E-05,18,0.000123687,-6.670423077,22
lip,big,12,5.56E-05,11,7.56E-05,-1.358789886,23
lip,fat,14,6.49E-05,10,6.87E-05,-1.058797314,24
lip,nervously,15,6.95E-05,10,6.87E-05,1.011929816,25
lip,soundless,16,7.42E-05,10,6.87E-05,1.079391804,26
lip,firmly,18,8.34E-05,9,6.18E-05,1.349239755,27
lip,little,8,3.71E-05,19,0.000130558,-3.520501069,27
lip,paint,4,1.85E-05,23,0.000158044,-8.523318376,27
lip,parch,20,9.27E-05,7,4.81E-05,1.927485365,27
lip,with,13,6.03E-05,14,9.62E-05,-1.596340565,27
lip,compress,17,7.88E-05,11,7.56E-05,1.042594356,28
lip,thoughtfully,19,8.81E-05,9,6.18E-05,1.424197519,28
lip,wide,12,5.56E-05,16,0.000109944,-1.976421652,28
lip,cold,11,5.10E-05,19,0.000130558,-2.560364413,30
lip,tremble,16,7.42E-05,15,0.000103072,-1.389671474,31
lip,draw,13,6.03E-05,20,0.00013743,-2.280486522,33
lip,warm,17,7.88E-05,18,0.000123687,-1.569511312,35
lip,split,26,0.000120527,11,7.56E-05,1.594556074,37
lip,long,26,0.000120527,13,8.93E-05,1.349239755,39
lip,pink,17,7.88E-05,22,0.000151173,-1.918291604,39
lip,wet,27,0.000125162,18,0.000123687,1.011929816,45
lip,chap,25,0.000115891,21,0.000144301,-1.245145641,46
lip,purse,22,0.000101984,24,0.000164916,-1.617072261,46
lip,slowly,33,0.000152976,14,9.62E-05,1.590175426,47
lip,gently,25,0.000115891,23,0.000158044,-1.36373094,48
lip,press,16,7.42E-05,32,0.000219887,-2.964632479,48
lip,crack,33,0.000152976,16,0.000109944,1.391403498,49
lip,open,31,0.000143705,20,0.00013743,1.04566081,51
lip,pale,30,0.000139069,28,0.000192402,-1.383495157,58
lip,barely,37,0.000171519,22,0.000151173,1.134587976,59
lip,hard,37,0.000171519,26,0.000178659,-1.041627628,63
lip,white,33,0.000152976,30,0.000206144,-1.347560218,63
lip,top,32,0.00014834,32,0.000219887,-1.482316239,64
lip,blue,44,0.000203968,23,0.000158044,1.290577157,67
lip,thick,54,0.000250324,18,0.000123687,2.023859633,72
lip,soft,36,0.000166883,42,0.000288602,-1.729368946,78
lip,swell,37,0.000171519,41,0.000281731,-1.642566644,78
lip,tightly,24,0.000111255,58,0.000398546,-3.582264245,82
lip,tight,48,0.000222511,58,0.000398546,-1.791132123,106
lip,still,55,0.00025496,58,0.000398546,-1.563169852,113
lip,full,48,0.000222511,85,0.000584076,-2.624935007,133
lip,part,45,0.000208604,100,0.000687148,-3.294036087,145
lip,slightly,67,0.000310588,90,0.000618433,-1.991171068,157
lip,red,50,0.000231782,108,0.00074212,-3.201803077,158
lip,back,127,0.000588726,53,0.000364189,1.616541971,180
lip,bottom,83,0.000384758,100,0.000687148,-1.78592318,183
lip,thin,113,0.000523827,80,0.000549719,-1.049427426,193
lip,upper,392,0.00181717,273,0.001875915,-1.032327381,665
lip,low,489,0.002266827,381,0.002618035,-1.154933512,870
mouth,gape,19,8.81E-05,3,2.06E-05,4.272592558,22
mouth,barely,20,9.27E-05,4,2.75E-05,3.373099388,24
mouth,lip,16,7.42E-05,8,5.50E-05,1.349239755,24
mouth,beautiful,10,4.64E-05,15,0.000103072,-2.223474359,25
mouth,down,18,8.34E-05,7,4.81E-05,1.734736828,25
mouth,right,17,7.88E-05,8,5.50E-05,1.43356724,25
mouth,good,21,9.73E-05,6,4.12E-05,2.361169572,27
mouth,long,18,8.34E-05,11,7.56E-05,1.103923436,29
mouth,slowly,19,8.81E-05,11,7.56E-05,1.165252516,30
mouth,wet,17,7.88E-05,13,8.93E-05,-1.133535948,30
mouth,warm,13,6.03E-05,19,0.000130558,-2.166462196,32
mouth,twist,23,0.00010662,10,6.87E-05,1.551625719,33
mouth,large,19,8.81E-05,15,0.000103072,-1.170249663,34
mouth,back,24,0.000111255,11,7.56E-05,1.471897915,35
mouth,with,22,0.000101984,14,9.62E-05,1.060116951,36
mouth,hard,23,0.00010662,15,0.000103072,1.034417146,38
mouth,soft,19,8.81E-05,34,0.00023363,-2.652565902,53
mouth,thin,27,0.000125162,26,0.000178659,-1.427415638,53
mouth,half,42,0.000194697,26,0.000178659,1.089770572,68
mouth,red,23,0.00010662,45,0.000309217,-2.900183947,68
mouth,small,40,0.000185426,37,0.000254245,-1.371142521,77
mouth,big,45,0.000208604,33,0.000226759,-1.087031909,78
mouth,tight,43,0.000199332,42,0.000288602,-1.447843769,85
mouth,still,59,0.000273503,33,0.000226759,1.206138569,92
mouth,little,51,0.000236418,68,0.000467261,-1.976421652,119
mouth,slightly,92,0.000426479,74,0.00050849,-1.192297845,166
mouth,full,154,0.000713888,99,0.000680277,1.049408699,253
mouth,wide,215,0.000996662,150,0.001030722,-1.03417412,365
mouth,open,496,0.002299277,370,0.002542449,-1.105760098,866
shoulder,down,15,6.95E-05,8,5.50E-05,1.264912271,23
shoulder,little,9,4.17E-05,14,9.62E-05,-2.305825261,23
shoulder,small,5,2.32E-05,20,0.00013743,-5.929264957,25
shoulder,other,17,7.88E-05,9,6.18E-05,1.274281991,26
shoulder,heavy,26,0.000120527,2,1.37E-05,8.770058409,28
shoulder,high,22,0.000101984,7,4.81E-05,2.120233901,29
shoulder,hard,21,9.73E-05,9,6.18E-05,1.574113048,30
shoulder,lightly,12,5.56E-05,18,0.000123687,-2.223474359,30
shoulder,slump,21,9.73E-05,9,6.18E-05,1.574113048,30
shoulder,straight,16,7.42E-05,15,0.000103072,-1.389671474,31
shoulder,massive,25,0.000115891,7,4.81E-05,2.409356706,32
shoulder,naked,10,4.64E-05,23,0.000158044,-3.409327351,33
shoulder,big,28,0.000129798,6,4.12E-05,3.148226096,34
shoulder,good,29,0.000134434,6,4.12E-05,3.260662742,35
shoulder,strong,29,0.000134434,12,8.25E-05,1.630331371,41
shoulder,gently,20,9.27E-05,26,0.000178659,-1.927011111,46
shoulder,round,27,0.000125162,19,0.000130558,-1.043111428,46
shoulder,white,6,2.78E-05,41,0.000281731,-10.12916097,47
shoulder,forward,36,0.000166883,17,0.000116815,1.4286068,53
shoulder,hunch,31,0.000143705,23,0.000158044,-1.099783016,54
shoulder,still,42,0.000194697,19,0.000130558,1.491264993,61
shoulder,wide,51,0.000236418,10,6.87E-05,3.440561376,61
shoulder,narrow,44,0.000203968,30,0.000206144,-1.010670163,74
shoulder,slightly,44,0.000203968,33,0.000226759,-1.11173718,77
shoulder,thin,37,0.000171519,44,0.000302345,-1.762754447,81
shoulder,bare,29,0.000134434,123,0.000845192,-6.287065429,152
shoulder,back,90,0.000417207,86,0.000590948,-1.416435518,176
shoulder,broad,191,0.000885407,33,0.000226759,3.90461808,224
shoulder,right,222,0.001029112,78,0.000535976,1.920071959,300
skin,beautiful,6,2.78E-05,16,0.000109944,-3.952843305,22
skin,delicate,6,2.78E-05,16,0.000109944,-3.952843305,22
skin,wet,10,4.64E-05,13,8.93E-05,-1.927011111,23
skin,blue,13,6.03E-05,11,7.56E-05,-1.254267587,24
skin,thick,15,6.95E-05,9,6.18E-05,1.124366463,24
skin,burn,18,8.34E-05,7,4.81E-05,1.734736828,25
skin,cool,14,6.49E-05,11,7.56E-05,-1.164677045,25
skin,good,13,6.03E-05,12,8.25E-05,-1.368291913,25
skin,gray,22,0.000101984,3,2.06E-05,4.947212436,25
skin,pink,7,3.24E-05,18,0.000123687,-3.81167033,25
skin,red,15,6.95E-05,10,6.87E-05,1.011929816,25
skin,yellow,20,9.27E-05,8,5.50E-05,1.686549694,28
skin,thin,15,6.95E-05,16,0.000109944,-1.581137322,31
skin,with,18,8.34E-05,13,8.93E-05,-1.070561728,31
skin,light,17,7.88E-05,17,0.000116815,-1.482316239,34
skin,clear,10,4.64E-05,25,0.000171787,-3.705790598,35
skin,olive,9,4.17E-05,26,0.000178659,-4.282246914,35
skin,cold,19,8.81E-05,22,0.000151173,-1.716366172,41
skin,tight,19,8.81E-05,25,0.000171787,-1.950416104,44
skin,tan,27,0.000125162,26,0.000178659,-1.427415638,53
skin,still,27,0.000125162,27,0.00018553,-1.482316239,54
skin,fair,28,0.000129798,34,0.00023363,-1.799955434,62
skin,hot,30,0.000139069,33,0.000226759,-1.630547863,63
skin,black,43,0.000199332,22,0.000151173,1.318575215,65
skin,soft,25,0.000115891,57,0.000391675,-3.379681026,82
skin,bare,27,0.000125162,57,0.000391675,-3.129334283,84
skin,warm,56,0.000259596,38,0.000261116,-1.005857448,94
skin,brown,53,0.000245689,50,0.000343574,-1.398411547,103
skin,smooth,56,0.000259596,93,0.000639048,-2.461703755,149
skin,dark,94,0.00043575,73,0.000501618,-1.151160484,167
skin,pale,84,0.000389394,120,0.000824578,-2.117594628,204
skin,white,79,0.000366215,129,0.000886421,-2.420491074,208
