"BodyPart","adj","totalM","pctM","totalF","pctF","diff","total"
"arm","bare",48,0.00115257167555107,100,0.00419252054335066,-3.63753563642462,148
"arm","bend",12,0.000288142918887768,4,0.000167700821734027,1.71819622532776,16
"arm","big",32,0.000768381117034049,4,0.000167700821734027,4.58185660087403,36
"arm","break",16,0.000384190558517024,6,0.00025155123260104,1.52728553362468,22
"arm","brown",8,0.000192095279258512,12,0.00050310246520208,-2.61902565822573,20
"arm","casually",12,0.000288142918887768,2,8.38504108670133e-05,3.43639245065553,14
"arm","close",12,0.000288142918887768,14,0.000586952876069093,-2.03701995639779,26
"arm","down",33,0.000792393026941363,13,0.000545027670635586,1.45385834450811,46
"arm","far",18,0.000432214378331653,4,0.000167700821734027,2.57729433799164,22
"arm","finally",13,0.000312154828795082,5,0.000209626027167533,1.48910339528406,18
"arm","firmly",14,0.000336166738702396,14,0.000586952876069093,-1.74601710548382,28
"arm","fold",24,0.000576285837775537,10,0.000419252054335066,1.37455698026221,34
"arm","forward",26,0.000624309657590165,2,8.38504108670133e-05,7.4455169764203,28
"arm","free",26,0.000624309657590165,19,0.000796578903236626,-1.27593557708433,45
"arm","full",9,0.000216107189165826,16,0.000670803286936106,-3.10403040974901,25
"arm","gently",25,0.000600297747682851,23,0.000964279724970652,-1.60633573704511,48
"arm","good",82,0.00196897661239975,13,0.000545027670635586,3.6126177045353,95
"arm","great",10,0.00024011909907314,9,0.00037732684890156,-1.57141539493544,19
"arm","hard",18,0.000432214378331653,12,0.00050310246520208,-1.16401140365588,30
"arm","heavy",16,0.000384190558517024,4,0.000167700821734027,2.29092830043702,20
"arm","high",21,0.000504250108053595,8,0.000335401643468053,1.50342169716179,29
"arm","injure",13,0.000312154828795082,6,0.00025155123260104,1.24091949607005,19
"arm","late",11,0.000264131008980454,8,0.000335401643468053,-1.26983062217005,19
"arm","lightly",18,0.000432214378331653,8,0.000335401643468053,1.28864716899582,26
"arm","limp",14,0.000336166738702396,8,0.000335401643468053,1.00228113144119,22
"arm","little",22,0.000528262017960909,21,0.000880429314103639,-1.66665269159819,43
"arm","long",146,0.00350573884646785,40,0.00167700821734026,2.09047207414878,186
"arm","loosely",10,0.00024011909907314,7,0.000293476438034546,-1.22221197383867,17
"arm","muscular",15,0.00036017864860971,7,0.000293476438034546,1.22728301809126,22
"arm","naked",11,0.000264131008980454,16,0.000670803286936106,-2.5396612443401,27
"arm","numb",22,0.000528262017960909,3,0.00012577561630052,4.20003521746786,25
"arm","open",6,0.000144071459443884,12,0.00050310246520208,-3.49203421096763,18
"arm","other",73,0.00175286942323392,36,0.00150930739560624,1.1613733745271,109
"arm","out",23,0.000552273927868223,4,0.000167700821734027,3.29320943187821,27
"arm","outstretch",18,0.000432214378331653,5,0.000209626027167533,2.06183547039332,23
"arm","own",43,0.0010325121260145,24,0.00100620493040416,1.02614496790408,67
"arm","powerful",32,0.000768381117034049,3,0.00012577561630052,6.10914213449871,35
"arm","right",478,0.0114776929356961,111,0.00465369780311924,2.46635974686688,589
"arm","round",12,0.000288142918887768,27,0.00113198054670468,-3.92853848733859,39
"arm","short",23,0.000552273927868223,8,0.000335401643468053,1.64660471593911,31
"arm","skinny",14,0.000336166738702396,13,0.000545027670635586,-1.62130159794926,27
"arm","slender",2,4.80238198146281e-05,11,0.000461177259768573,-9.60309408016099,13
"arm","slightly",14,0.000336166738702396,5,0.000209626027167533,1.60364981030591,19
"arm","slowly",56,0.00134466695480959,11,0.000461177259768573,2.91572692782893,67
"arm","small",3,7.20357297219421e-05,7,0.000293476438034546,-4.07403991279557,10
"arm","stiff",14,0.000336166738702396,5,0.000209626027167533,1.60364981030591,19
"arm","still",84,0.00201700043221438,35,0.00146738219017273,1.37455698026221,119
"arm","straight",37,0.000888440666570619,15,0.000628878081502599,1.41273911860283,52
"arm","strong",54,0.00129664313499496,21,0.000880429314103639,1.47273962170951,75
"arm","suddenly",46,0.00110454785573645,16,0.000670803286936106,1.64660471593911,62
"arm","thick",29,0.000696345387312107,3,0.00012577561630052,5.53641005938946,32
"arm","thin",28,0.000672333477404793,38,0.00159315780647325,-2.36959464315661,66
"arm","tight",16,0.000384190558517024,15,0.000628878081502599,-1.63689103639108,31
"arm","tightly",24,0.000576285837775537,31,0.00129968136843871,-2.25527209458326,55
"arm","tire",9,0.000216107189165826,5,0.000209626027167533,1.03091773519666,14
"arm","together",13,0.000312154828795082,4,0.000167700821734027,1.86137924410508,17
"arm","up",22,0.000528262017960909,11,0.000461177259768573,1.14546415021851,33
"arm","upper",90,0.00216107189165826,75,0.003144390407513,-1.45501425456985,165
"arm","very",9,0.000216107189165826,8,0.000335401643468053,-1.5520152048745,17
"arm","warm",5,0.00012005954953657,10,0.000419252054335066,-3.49203421096763,15
"arm","white",15,0.00036017864860971,42,0.00176085862820728,-4.88884789535469,57
"arm","whole",17,0.000408202468424338,5,0.000209626027167533,1.94728905537146,22
"arm","wide",106,0.00254526245017529,33,0.00138353177930572,1.83968484732063,139
"arm","wildly",15,0.00036017864860971,5,0.000209626027167533,1.71819622532776,20
"arm","wound",20,0.000480238198146281,1,4.19252054335066e-05,11.4546415021851,21
"body","beautiful",6,0.000144071459443884,16,0.000670803286936106,-4.65604561462351,22
"body","bend",9,0.000216107189165826,7,0.000293476438034546,-1.35801330426519,16
"body","big",37,0.000888440666570619,7,0.000293476438034546,3.02729811129177,44
"body","black",14,0.000336166738702396,5,0.000209626027167533,1.60364981030591,19
"body","break",13,0.000312154828795082,5,0.000209626027167533,1.48910339528406,18
"body","close",8,0.000192095279258512,11,0.000461177259768573,-2.40077352004025,19
"body","cold",19,0.000456226288238967,6,0.00025155123260104,1.8136515711793,25
"body","dead",47,0.00112855976564376,16,0.000670803286936106,1.68240047063343,63
"body","down",14,0.000336166738702396,5,0.000209626027167533,1.60364981030591,19
"body","entire",105,0.00252125054026797,34,0.00142545698473923,1.76873140842564,139
"body","far",10,0.00024011909907314,10,0.000419252054335066,-1.74601710548382,20
"body","flat",16,0.000384190558517024,4,0.000167700821734027,2.29092830043702,20
"body","forward",43,0.0010325121260145,16,0.000670803286936106,1.53921745185612,59
"body","frail",15,0.00036017864860971,12,0.00050310246520208,-1.39681368438705,27
"body","full",8,0.000192095279258512,6,0.00025155123260104,-1.30951282911286,14
"body","good",26,0.000624309657590165,11,0.000461177259768573,1.35373035934915,37
"body","great",12,0.000288142918887768,5,0.000209626027167533,1.37455698026221,17
"body","hard",24,0.000576285837775537,7,0.000293476438034546,1.96365282894601,31
"body","heavy",27,0.000648321567497479,11,0.000461177259768573,1.40579691163181,38
"body","hot",10,0.00024011909907314,8,0.000335401643468053,-1.39681368438705,18
"body","large",16,0.000384190558517024,8,0.000335401643468053,1.14546415021851,24
"body","late",35,0.000840416846755991,13,0.000545027670635586,1.54197097144799,48
"body","lean",24,0.000576285837775537,7,0.000293476438034546,1.96365282894601,31
"body","lifeless",9,0.000216107189165826,6,0.00025155123260104,-1.16401140365588,15
"body","light",9,0.000216107189165826,8,0.000335401643468053,-1.5520152048745,17
"body","limp",18,0.000432214378331653,8,0.000335401643468053,1.28864716899582,26
"body","lithe",5,0.00012005954953657,11,0.000461177259768573,-3.8412376320644,16
"body","little",34,0.000816404936848677,28,0.00117390575213819,-1.4378964398102,62
"body","long",44,0.00105652403592182,40,0.00167700821734026,-1.58728827771256,84
"body","low",25,0.000600297747682851,5,0.000209626027167533,2.86366037554627,30
"body","muscular",11,0.000264131008980454,2,8.38504108670133e-05,3.1500264131009,13
"body","naked",60,0.00144071459443884,84,0.00352171725641456,-2.44442394767734,144
"body","numb",12,0.000288142918887768,4,0.000167700821734027,1.71819622532776,16
"body","old",31,0.000744369207126735,11,0.000461177259768573,1.61406312076244,42
"body","over",14,0.000336166738702396,9,0.00037732684890156,-1.12243956781103,23
"body","own",260,0.00624309657590165,82,0.00343786684554754,1.81597975034642,342
"body","powerful",14,0.000336166738702396,1,4.19252054335066e-05,8.01824905152956,15
"body","right",6,0.000144071459443884,6,0.00025155123260104,-1.74601710548382,12
"body","rigid",23,0.000552273927868223,6,0.00025155123260104,2.19547295458547,29
"body","round",12,0.000288142918887768,10,0.000419252054335066,-1.45501425456985,22
"body","slender",5,0.00012005954953657,12,0.00050310246520208,-4.19044105316116,17
"body","slightly",15,0.00036017864860971,10,0.000419252054335066,-1.16401140365588,25
"body","slim",8,0.000192095279258512,12,0.00050310246520208,-2.61902565822573,20
"body","slowly",24,0.000576285837775537,3,0.00012577561630052,4.58185660087403,27
"body","small",21,0.000504250108053595,20,0.000838504108670132,-1.66287343379411,41
"body","soft",6,0.000144071459443884,23,0.000964279724970652,-6.6930655710213,29
"body","stiff",19,0.000456226288238967,8,0.000335401643468053,1.36023867838448,27
"body","still",70,0.00168083369351198,43,0.00180278383364078,-1.0725533647972,113
"body","straight",6,0.000144071459443884,6,0.00025155123260104,-1.74601710548382,12
"body","strong",25,0.000600297747682851,14,0.000586952876069093,1.02273584840938,39
"body","suddenly",24,0.000576285837775537,9,0.00037732684890156,1.52728553362468,33
"body","tall",13,0.000312154828795082,4,0.000167700821734027,1.86137924410508,17
"body","thin",48,0.00115257167555107,29,0.00121583095757169,-1.05488533456314,77
"body","tiny",7,0.000168083369351198,8,0.000335401643468053,-1.99544812055293,15
"body","upper",88,0.00211304807184363,34,0.00142545698473923,1.48236537087101,122
"body","very",15,0.00036017864860971,5,0.000209626027167533,1.71819622532776,20
"body","warm",13,0.000312154828795082,32,0.00134160657387221,-4.29788825965247,45
"body","weak",8,0.000192095279258512,6,0.00025155123260104,-1.30951282911286,14
"body","wet",16,0.000384190558517024,4,0.000167700821734027,2.29092830043702,20
"body","white",20,0.000480238198146281,11,0.000461177259768573,1.04133104565319,31
"body","whole",302,0.00725159679200884,168,0.00704343451282911,1.02955408739878,470
"body","young",9,0.000216107189165826,27,0.00113198054670468,-5.23805131645145,36
"eye","ahead",43,0.0010325121260145,17,0.000712728492369613,1.44867524880576,60
"eye","beautiful",39,0.000936464486385247,76,0.0031863156129465,-3.40249487222487,115
"eye","big",113,0.00271334581952649,126,0.00528257588462183,-1.9468863300085,239
"eye","black",175,0.00420208423377995,161,0.00674995807479457,-1.60633573704511,336
"eye","bloodshot",127,0.00304951255822888,23,0.000964279724970652,3.16247711038588,150
"eye","blue",603,0.0144791816741104,354,0.0148415227234613,-1.02502496739846,957
"eye","briefly",38,0.000912452576477933,28,0.00117390575213819,-1.28653891983018,66
"eye","bright",215,0.00516256063007252,189,0.00792386382693275,-1.53487085086717,404
"eye","brown",193,0.00463429861211161,173,0.00725306053999665,-1.56508269040777,366
"eye","clear",101,0.00242520290063872,95,0.00398289451618313,-1.64229331703923,196
"eye","close",242,0.00581088219756999,175,0.00733691095086366,-1.26261567545317,417
"eye","cold",68,0.00163280987369735,33,0.00138353177930572,1.18017518507361,101
"eye","dark",334,0.00801997790904289,317,0.0132902901224216,-1.65714797137237,651
"eye","deep",89,0.00213705998175095,68,0.00285091396947845,-1.33403554126853,157
"eye","down",32,0.000768381117034049,23,0.000964279724970652,-1.25494979456649,55
"eye","dull",39,0.000936464486385247,21,0.000880429314103639,1.06364528234576,60
"eye","far",46,0.00110454785573645,20,0.000838504108670132,1.31728377275128,66
"eye","finally",73,0.00175286942323392,24,0.00100620493040416,1.74206006179065,97
"eye","full",121,0.002905441098785,88,0.00368941807814858,-1.26983062217005,209
"eye","glassy",30,0.000720357297219421,18,0.000754653697803119,-1.04761026329029,48
"eye","good",103,0.00247322672045334,33,0.00138353177930572,1.78761829503798,136
"eye","gray",133,0.00319358401767277,68,0.00285091396947845,1.12019655866957,201
"eye","great",31,0.000744369207126735,34,0.00142545698473923,-1.9149865027887,65
"eye","green",117,0.00280939345915574,166,0.0069595841019621,-2.47725503854969,283
"eye","grey",40,0.000960476396292561,42,0.00176085862820728,-1.83331796075801,82
"eye","half",109,0.00261729817989723,59,0.00247358712057689,1.05809824045608,168
"eye","hard",71,0.0017048456034193,39,0.00163508301190676,1.04266608545531,110
"eye","heavy",48,0.00115257167555107,17,0.000712728492369613,1.61712585913201,65
"eye","huge",28,0.000672333477404793,23,0.000964279724970652,-1.43422833664742,51
"eye","keen",60,0.00144071459443884,10,0.000419252054335066,3.43639245065553,70
"eye","large",113,0.00271334581952649,170,0.00712728492369613,-2.62675139763052,283
"eye","light",41,0.000984488306199875,27,0.00113198054670468,-1.14981614263568,68
"eye","little",150,0.0036017864860971,43,0.00180278383364078,1.99790258759042,193
"eye","long",67,0.00160879796379004,31,0.00129968136843871,1.23784029136516,98
"eye","narrow",42,0.00100850021610719,18,0.000754653697803119,1.33637484192159,60
"eye","old",24,0.000576285837775537,30,0.0012577561630052,-2.18252138185477,54
"eye","only",81,0.00194496470249244,44,0.00184470903907429,1.05434768372385,125
"eye","open",331,0.00794794217932094,169,0.00708535971826262,1.12174151988854,500
"eye","own",360,0.00864428756663305,122,0.00511487506288781,1.69002907409288,482
"eye","pale",129,0.00309753637804351,31,0.00129968136843871,2.38330444158367,160
"eye","quickly",52,0.00124861931518033,21,0.000880429314103639,1.41819370979434,73
"eye","quite",29,0.000696345387312107,31,0.00129968136843871,-1.8664320782758,60
"eye","red",183,0.00439417951303847,120,0.0050310246520208,-1.14492924949758,303
"eye","right",209,0.00501848917062863,90,0.0037732684890156,1.33001115219816,299
"eye","round",67,0.00160879796379004,44,0.00184470903907429,-1.1466380991237,111
"eye","sad",73,0.00175286942323392,30,0.0012577561630052,1.39364804943252,103
"eye","set",53,0.00127263122508764,20,0.000838504108670132,1.51773999903952,73
"eye","sharp",68,0.00163280987369735,35,0.00146738219017273,1.11273660306941,103
"eye","slightly",54,0.00129664313499496,29,0.00121583095757169,1.06646662261723,83
"eye","slowly",100,0.0024011909907314,58,0.00243166191514338,-1.01268992118061,158
"eye","small",121,0.002905441098785,38,0.00159315780647325,1.82369950232157,159
"eye","soft",33,0.000792393026941363,52,0.00218011068254234,-2.75129968136844,85
"eye","still",320,0.00768381117034049,166,0.0069595841019621,1.10406183153591,486
"eye","straight",67,0.00160879796379004,34,0.00142545698473923,1.12861908918588,101
"eye","suddenly",128,0.0030735244681362,78,0.00327016602381352,-1.0639791736542,206
"eye","swell",18,0.000432214378331653,20,0.000838504108670132,-1.94001900609313,38
"eye","tight",50,0.0012005954953657,27,0.00113198054670468,1.06061495390603,77
"eye","tightly",44,0.00105652403592182,21,0.000880429314103639,1.20001006213368,65
"eye","tire",66,0.00158478605388273,34,0.00142545698473923,1.11177402815326,100
"eye","up",33,0.000792393026941363,20,0.000838504108670132,-1.05819218514171,53
"eye","upward",48,0.00115257167555107,23,0.000964279724970652,1.19526693935844,71
"eye","very",129,0.00309753637804351,84,0.00352171725641456,-1.13694137101272,213
"eye","watery",53,0.00127263122508764,16,0.000670803286936106,1.8971749987994,69
"eye","wet",57,0.0013686788647169,47,0.00197048465537481,-1.43969831504806,104
"eye","wide",434,0.0104211688997743,351,0.0147157471071608,-1.41210139176226,785
"eye","wild",50,0.0012005954953657,26,0.00109005534127117,1.10140783674857,76
"eye","yellow",60,0.00144071459443884,15,0.000628878081502599,2.29092830043702,75
"face","beautiful",28,0.000672333477404793,79,0.00331209122924702,-4.92626254761505,107
"face","big",54,0.00129664313499496,14,0.000586952876069093,2.20910943256427,68
"face","black",69,0.00165682178360467,15,0.000628878081502599,2.63456754550257,84
"face","blank",43,0.0010325121260145,24,0.00100620493040416,1.02614496790408,67
"face","bright",40,0.000960476396292561,37,0.00155123260103975,-1.61506582257253,77
"face","broad",66,0.00158478605388273,24,0.00100620493040416,1.57501320655045,90
"face","brown",42,0.00100850021610719,28,0.00117390575213819,-1.16401140365588,70
"face","calm",36,0.000864428756663305,43,0.00180278383364078,-2.08552043155011,79
"face","clean",31,0.000744369207126735,4,0.000167700821734027,4.43867358209672,35
"face","clearly",30,0.000720357297219421,18,0.000754653697803119,-1.04761026329029,48
"face","close",157,0.0037698698554483,92,0.00385711889988261,-1.0231437815574,249
"face","cold",31,0.000744369207126735,22,0.000922354519537146,-1.23910891356916,53
"face","completely",34,0.000816404936848677,17,0.000712728492369613,1.14546415021851,51
"face","dark",133,0.00319358401767277,52,0.00218011068254234,1.46487242287559,185
"face","down",35,0.000840416846755991,16,0.000670803286936106,1.25285141430149,51
"face","eye",30,0.000720357297219421,20,0.000838504108670132,-1.16401140365588,50
"face","flush",33,0.000792393026941363,37,0.00155123260103975,-1.95765554251216,70
"face","forward",37,0.000888440666570619,11,0.000461177259768573,1.9264624344584,48
"face","full",65,0.00156077414397541,37,0.00155123260103975,1.0061509427595,102
"face","good",43,0.0010325121260145,31,0.00129968136843871,-1.25875651790694,74
"face","grave",33,0.000792393026941363,14,0.000586952876069093,1.35001131990038,47
"face","gray",40,0.000960476396292561,11,0.000461177259768573,2.08266209130638,51
"face","haggard",39,0.000936464486385247,11,0.000461177259768573,2.03059553902372,50
"face","handsome",115,0.00276136963934111,29,0.00121583095757169,2.2711789185367,144
"face","hard",78,0.00187292897277049,44,0.00184470903907429,1.01529776951186,122
"face","heavy",37,0.000888440666570619,7,0.000293476438034546,3.02729811129177,44
"face","hot",51,0.00122460740527302,29,0.00121583095757169,1.00721847691627,80
"face","impassive",27,0.000648321567497479,16,0.000670803286936106,-1.03467680324967,43
"face","large",31,0.000744369207126735,13,0.000545027670635586,1.36574571756822,44
"face","line",37,0.000888440666570619,25,0.00104813013583767,-1.17974128748907,62
"face","little",75,0.00180089324304855,59,0.00247358712057689,-1.37353345631394,134
"face","long",132,0.00316957210776545,60,0.0025155123260104,1.26001056524036,192
"face","lovely",3,7.20357297219421e-05,56,0.00234781150427637,-32.5923193023646,59
"face","narrow",36,0.000864428756663305,10,0.000419252054335066,2.06183547039332,46
"face","old",63,0.00151275032416078,43,0.00180278383364078,-1.19172596088578,106
"face","open",30,0.000720357297219421,19,0.000796578903236626,-1.10581083347308,49
"face","own",209,0.00501848917062863,78,0.00327016602381352,1.53462825253633,287
"face","pale",233,0.00559477500840417,163,0.00683380848566158,-1.22146261027409,396
"face","pink",30,0.000720357297219421,23,0.000964279724970652,-1.33861311420426,53
"face","pretty",12,0.000288142918887768,74,0.00310246520207949,-10.7671054838169,86
"face","puffy",25,0.000600297747682851,15,0.000628878081502599,-1.04761026329029,40
"face","quite",55,0.00132065504490227,28,0.00117390575213819,1.12500943325032,83
"face","red",309,0.00741968016136003,88,0.00368941807814858,2.01107058191772,397
"face","right",77,0.00184891706286318,32,0.00134160657387221,1.37813655573164,109
"face","round",99,0.00237717908082409,68,0.00285091396947845,-1.19928447649393,167
"face","sad",39,0.000936464486385247,19,0.000796578903236626,1.17560794364531,58
"face","serious",50,0.0012005954953657,22,0.000922354519537146,1.30166380706649,72
"face","slightly",22,0.000528262017960909,33,0.00138353177930572,-2.61902565822573,55
"face","slowly",37,0.000888440666570619,29,0.00121583095757169,-1.36849989348732,66
"face","small",38,0.000912452576477933,43,0.00180278383364078,-1.97575619831063,81
"face","smile",30,0.000720357297219421,20,0.000838504108670132,-1.16401140365588,50
"face","smooth",53,0.00127263122508764,45,0.0018866342445078,-1.48246735371267,98
"face","soft",21,0.000504250108053595,22,0.000922354519537146,-1.82916077717352,43
"face","stern",37,0.000888440666570619,13,0.000545027670635586,1.63008359838788,50
"face","still",210,0.00504250108053595,132,0.00553412711722287,-1.09749646630411,342
"face","straight",36,0.000864428756663305,17,0.000712728492369613,1.21284439434901,53
"face","suddenly",110,0.00264131008980454,81,0.00339594164011404,-1.28570350494717,191
"face","sweet",9,0.000216107189165826,28,0.00117390575213819,-5.43205321706076,37
"face","swell",26,0.000624309657590165,16,0.000670803286936106,-1.07447206491312,42
"face","thin",111,0.00266532199971186,46,0.0019285594499413,1.3820273986332,157
"face","tire",33,0.000792393026941363,14,0.000586952876069093,1.35001131990038,47
"face","ugly",42,0.00100850021610719,9,0.00037732684890156,2.67274968384319,51
"face","very",123,0.00295346491859963,59,0.00247358712057689,1.19400076675319,182
"face","warm",16,0.000384190558517024,19,0.000796578903236626,-2.07339531276203,35
"face","wet",41,0.000984488306199875,43,0.00180278383364078,-1.83118867160498,84
"face","white",191,0.00458627479229698,167,0.00700150930739561,-1.52662228594658,358
"face","whole",63,0.00151275032416078,41,0.00171893342277377,-1.13629684642598,104
"face","wide",24,0.000576285837775537,22,0.000922354519537146,-1.60051568002683,46
"face","wrinkle",31,0.000744369207126735,19,0.000796578903236626,-1.07013951626427,50
"face","yellow",37,0.000888440666570619,16,0.000670803286936106,1.32444292369015,53
"face","young",68,0.00163280987369735,24,0.00100620493040416,1.62274087947622,92
"finger","big",23,0.000552273927868223,2,8.38504108670133e-05,6.58641886375642,25
"finger","close",10,0.00024011909907314,7,0.000293476438034546,-1.22221197383867,17
"finger","cold",18,0.000432214378331653,7,0.000293476438034546,1.47273962170951,25
"finger","delicate",10,0.00024011909907314,12,0.00050310246520208,-2.09522052658058,22
"finger","down",19,0.000456226288238967,13,0.000545027670635586,-1.19464328269945,32
"finger","fat",14,0.000336166738702396,9,0.00037732684890156,-1.12243956781103,23
"finger","first",19,0.000456226288238967,4,0.000167700821734027,2.72047735676896,23
"finger","gently",29,0.000696345387312107,18,0.000754653697803119,-1.08373475512789,47
"finger","glove",16,0.000384190558517024,12,0.00050310246520208,-1.30951282911286,28
"finger","hard",13,0.000312154828795082,9,0.00037732684890156,-1.20878107302726,22
"finger","lightly",19,0.000456226288238967,20,0.000838504108670132,-1.83791274261454,39
"finger","little",132,0.00316957210776545,91,0.0038151936944491,-1.20369361059869,223
"finger","long",94,0.00225711953128752,54,0.00226396109340936,-1.00303110315028,148
"finger","middle",100,0.0024011909907314,29,0.00121583095757169,1.97493819003191,129
"finger","nervously",14,0.000336166738702396,11,0.000461177259768573,-1.37187058288014,25
"finger","numb",18,0.000432214378331653,6,0.00025155123260104,1.71819622532776,24
"finger","own",42,0.00100850021610719,23,0.000964279724970652,1.04585857193864,65
"finger","point",11,0.000264131008980454,5,0.000209626027167533,1.26001056524036,16
"finger","quickly",10,0.00024011909907314,5,0.000209626027167533,1.14546415021851,15
"finger","quite",7,0.000168083369351198,9,0.00037732684890156,-2.24487913562205,16
"finger","right",12,0.000288142918887768,8,0.000335401643468053,-1.16401140365588,20
"finger","slender",5,0.00012005954953657,17,0.000712728492369613,-5.93645815864498,22
"finger","slightly",5,0.00012005954953657,8,0.000335401643468053,-2.79362736877411,13
"finger","slowly",38,0.000912452576477933,15,0.000628878081502599,1.45092125694344,53
"finger","small",9,0.000216107189165826,8,0.000335401643468053,-1.5520152048745,17
"finger","stain",8,0.000192095279258512,4,0.000167700821734027,1.14546415021851,12
"finger","stiff",13,0.000312154828795082,5,0.000209626027167533,1.48910339528406,18
"finger","still",41,0.000984488306199875,17,0.000712728492369613,1.38129500467526,58
"finger","strong",15,0.00036017864860971,6,0.00025155123260104,1.43183018777314,21
"finger","stubby",18,0.000432214378331653,5,0.000209626027167533,2.06183547039332,23
"finger","suddenly",17,0.000408202468424338,6,0.00025155123260104,1.62274087947622,23
"finger","thick",43,0.0010325121260145,1,4.19252054335066e-05,24.6274792296979,44
"finger","thin",20,0.000480238198146281,14,0.000586952876069093,-1.22221197383867,34
"finger","tightly",5,0.00012005954953657,12,0.00050310246520208,-4.19044105316116,17
"finger","tiny",5,0.00012005954953657,7,0.000293476438034546,-2.44442394767734,12
"finger","together",52,0.00124861931518033,18,0.000754653697803119,1.6545593280934,70
"finger","up",17,0.000408202468424338,5,0.000209626027167533,1.94728905537146,22
"finger","very",8,0.000192095279258512,5,0.000209626027167533,-1.09126069092739,13
"finger","white",27,0.000648321567497479,25,0.00104813013583767,-1.61668250507761,52
"finger","wide",12,0.000288142918887768,3,0.00012577561630052,2.29092830043702,15
"foot","apart",27,0.000648321567497479,7,0.000293476438034546,2.20910943256427,34
"foot","back",60,0.00144071459443884,16,0.000670803286936106,2.1477452816597,76
"foot","bare",296,0.00710752533256495,238,0.00997819889317458,-1.40389213211199,534
"foot","big",37,0.000888440666570619,7,0.000293476438034546,3.02729811129177,44
"foot","boot",16,0.000384190558517024,3,0.00012577561630052,3.05457106724936,19
"foot","carefully",16,0.000384190558517024,5,0.000209626027167533,1.83274264034961,21
"foot","cold",21,0.000504250108053595,11,0.000461177259768573,1.09339759793585,32
"foot","down",15,0.00036017864860971,6,0.00025155123260104,1.43183018777314,21
"foot","far",23,0.000552273927868223,3,0.00012577561630052,4.39094590917095,26
"foot","firmly",29,0.000696345387312107,6,0.00025155123260104,2.76820502969473,35
"foot","flat",11,0.000264131008980454,6,0.00025155123260104,1.05000880436697,17
"foot","forward",21,0.000504250108053595,10,0.000419252054335066,1.20273735772943,31
"foot","front",16,0.000384190558517024,4,0.000167700821734027,2.29092830043702,20
"foot","good",30,0.000720357297219421,7,0.000293476438034546,2.45456603618252,37
"foot","hard",25,0.000600297747682851,8,0.000335401643468053,1.78978773471642,33
"foot","large",17,0.000408202468424338,10,0.000419252054335066,-1.02706888557872,27
"foot","little",19,0.000456226288238967,44,0.00184470903907429,-4.043408033752,63
"foot","long",18,0.000432214378331653,11,0.000461177259768573,-1.06701045335122,29
"foot","naked",14,0.000336166738702396,15,0.000628878081502599,-1.87073261301838,29
"foot","numb",12,0.000288142918887768,4,0.000167700821734027,1.71819622532776,16
"foot","other",13,0.000312154828795082,5,0.000209626027167533,1.48910339528406,18
"foot","own",106,0.00254526245017529,42,0.00176085862820728,1.44546666575193,148
"foot","right",166,0.00398597704461413,52,0.00218011068254234,1.82833700900262,218
"foot","slippered",3,7.20357297219421e-05,1,4.19252054335066e-05,1.71819622532776,4
"foot","slowly",18,0.000432214378331653,8,0.000335401643468053,1.28864716899582,26
"foot","small",18,0.000432214378331653,20,0.000838504108670132,-1.94001900609313,38
"foot","sore",19,0.000456226288238967,3,0.00012577561630052,3.62730314235861,22
"foot","still",44,0.00105652403592182,20,0.000838504108670132,1.26001056524036,64
"foot","stock",33,0.000792393026941363,15,0.000628878081502599,1.26001056524036,48
"foot","stockinged",28,0.000672333477404793,20,0.000838504108670132,-1.24715507534558,48
"foot","suddenly",14,0.000336166738702396,6,0.00025155123260104,1.33637484192159,20
"foot","swell",17,0.000408202468424338,15,0.000628878081502599,-1.54060332836807,32
"foot","tiny",12,0.000288142918887768,15,0.000628878081502599,-2.18252138185477,27
"foot","together",25,0.000600297747682851,14,0.000586952876069093,1.02273584840938,39
"foot","up",16,0.000384190558517024,10,0.000419252054335066,-1.09126069092739,26
"foot","very",20,0.000480238198146281,11,0.000461177259768573,1.04133104565319,31
"foot","wet",12,0.000288142918887768,13,0.000545027670635586,-1.8915185309408,25
"foot","white",12,0.000288142918887768,15,0.000628878081502599,-2.18252138185477,27
"foot","wide",15,0.00036017864860971,6,0.00025155123260104,1.43183018777314,21
"hair","back",238,0.00571483455794074,428,0.0179439879255408,-3.13989630734065,666
"hair","beautiful",7,0.000168083369351198,27,0.00113198054670468,-6.73463740686615,34
"hair","black",306,0.00734764443163809,298,0.012493711219185,-1.7003695994581,604
"hair","blond",117,0.00280939345915574,150,0.00628878081502599,-2.238483468569,267
"hair","blonde",5,0.00012005954953657,59,0.00247358712057689,-20.603001844709,64
"hair","blue",12,0.000288142918887768,15,0.000628878081502599,-2.18252138185477,27
"hair","bright",7,0.000168083369351198,20,0.000838504108670132,-4.98862030138233,27
"hair","brown",101,0.00242520290063872,128,0.00536642629548885,-2.21277415348444,229
"hair","carefully",23,0.000552273927868223,21,0.000880429314103639,-1.59418953109392,44
"hair","close",34,0.000816404936848677,7,0.000293476438034546,2.78184150767352,41
"hair","color",16,0.000384190558517024,23,0.000964279724970652,-2.50989958913299,39
"hair","comb",19,0.000456226288238967,4,0.000167700821734027,2.72047735676896,23
"hair","crop",31,0.000744369207126735,12,0.00050310246520208,1.47955786069891,43
"hair","curl",10,0.00024011909907314,5,0.000209626027167533,1.14546415021851,15
"hair","curly",66,0.00158478605388273,23,0.000964279724970652,1.64349204161786,89
"hair","cut",11,0.000264131008980454,7,0.000293476438034546,-1.11110179439879,18
"hair","damp",17,0.000408202468424338,13,0.000545027670635586,-1.33518955125233,30
"hair","dark",130,0.00312154828795082,263,0.0110263290290122,-3.53232691340188,393
"hair","dirty",8,0.000192095279258512,16,0.000670803286936106,-3.49203421096763,24
"hair","down",23,0.000552273927868223,52,0.00218011068254234,-3.94751693413733,75
"hair","fair",50,0.0012005954953657,55,0.00230588629884286,-1.9206188160322,105
"hair","fine",28,0.000672333477404793,23,0.000964279724970652,-1.43422833664742,51
"hair","forward",19,0.000456226288238967,19,0.000796578903236626,-1.74601710548382,38
"hair","full",12,0.000288142918887768,10,0.000419252054335066,-1.45501425456985,22
"hair","gently",7,0.000168083369351198,14,0.000586952876069093,-3.49203421096763,21
"hair","glossy",7,0.000168083369351198,11,0.000461177259768573,-2.74374116576028,18
"hair","golden",24,0.000576285837775537,71,0.00297668958577897,-5.16530060372296,95
"hair","good",19,0.000456226288238967,17,0.000712728492369613,-1.56222583122236,36
"hair","gray",168,0.00403400086442876,75,0.003144390407513,1.28291984824473,243
"hair","greasy",20,0.000480238198146281,4,0.000167700821734027,2.86366037554627,24
"hair","grey",49,0.00117658358545839,23,0.000964279724970652,1.22016833392841,72
"hair","heavy",4,9.60476396292561e-05,16,0.000670803286936106,-6.98406842193527,20
"hair","high",4,9.60476396292561e-05,13,0.000545027670635586,-5.67455559282241,17
"hair","light",21,0.000504250108053595,34,0.00142545698473923,-2.82688483744999,55
"hair","little",13,0.000312154828795082,13,0.000545027670635586,-1.74601710548382,26
"hair","long",314,0.0075397397108966,338,0.0141707194365252,-1.87947064220869,652
"hair","loose",8,0.000192095279258512,83,0.00347979205098105,-18.1149274693946,91
"hair","mat",24,0.000576285837775537,9,0.00037732684890156,1.52728553362468,33
"hair","neatly",48,0.00115257167555107,15,0.000628878081502599,1.83274264034961,63
"hair","over",9,0.000216107189165826,17,0.000712728492369613,-3.29803231035832,26
"hair","own",36,0.000864428756663305,41,0.00171893342277377,-1.98851948124546,77
"hair","pale",20,0.000480238198146281,19,0.000796578903236626,-1.65871625020963,39
"hair","pubic",14,0.000336166738702396,44,0.00184470903907429,-5.48748233152057,58
"hair","quite",9,0.000216107189165826,11,0.000461177259768573,-2.13402090670244,20
"hair","red",95,0.00228113144119483,125,0.00524065067918833,-2.29739092826818,220
"hair","reddish",19,0.000456226288238967,13,0.000545027670635586,-1.19464328269945,32
"hair","sandy",25,0.000600297747682851,8,0.000335401643468053,1.78978773471642,33
"hair","shine",4,9.60476396292561e-05,16,0.000670803286936106,-6.98406842193527,20
"hair","shiny",12,0.000288142918887768,15,0.000628878081502599,-2.18252138185477,27
"hair","short",113,0.00271334581952649,115,0.00482139862485326,-1.776920063103,228
"hair","silky",6,0.000144071459443884,7,0.000293476438034546,-2.03701995639779,13
"hair","silver",18,0.000432214378331653,12,0.00050310246520208,-1.16401140365588,30
"hair","slightly",18,0.000432214378331653,10,0.000419252054335066,1.03091773519666,28
"hair","smooth",25,0.000600297747682851,19,0.000796578903236626,-1.3269730001677,44
"hair","soft",13,0.000312154828795082,22,0.000922354519537146,-2.95479817851107,35
"hair","still",59,0.00141670268453153,82,0.00343786684554754,-2.42666784151988,141
"hair","straight",62,0.00148873841425347,59,0.00247358712057689,-1.66153240683137,121
"hair","tangle",14,0.000336166738702396,12,0.00050310246520208,-1.4965860904147,26
"hair","thick",136,0.00326561974739471,61,0.0025574375314439,1.27691085598129,197
"hair","thin",127,0.00304951255822888,31,0.00129968136843871,2.34635398512501,158
"hair","tight",4,9.60476396292561e-05,24,0.00100620493040416,-10.4761026329029,28
"hair","tousle",15,0.00036017864860971,9,0.00037732684890156,-1.04761026329029,24
"hair","unkempt",20,0.000480238198146281,10,0.000419252054335066,1.14546415021851,30
"hair","up",8,0.000192095279258512,33,0.00138353177930572,-7.20232056012074,41
"hair","very",33,0.000792393026941363,31,0.00129968136843871,-1.64019788696965,64
"hair","wavy",39,0.000936464486385247,14,0.000586952876069093,1.59546792351864,53
"hair","wet",46,0.00110454785573645,59,0.00247358712057689,-2.23945672225098,105
"hair","white",258,0.00619507275608702,112,0.00469562300855274,1.3193292444481,370
"hair","wild",25,0.000600297747682851,23,0.000964279724970652,-1.60633573704511,48
"hair","yellow",30,0.000720357297219421,32,0.00134160657387221,-1.8624182458494,62
"hand","back",258,0.00619507275608702,184,0.00771423779976522,-1.24522150158536,442
"hand","bare",130,0.00312154828795082,33,0.00138353177930572,2.25621726558191,163
"hand","big",236,0.00566681073812611,28,0.00117390575213819,4.82731320449228,264
"hand","black",31,0.000744369207126735,19,0.000796578903236626,-1.07013951626427,50
"hand","bloody",44,0.00105652403592182,10,0.000419252054335066,2.52002113048072,54
"hand","brown",36,0.000864428756663305,19,0.000796578903236626,1.0851765633649,55
"hand","clasp",37,0.000888440666570619,29,0.00121583095757169,-1.36849989348732,66
"hand","close",43,0.0010325121260145,19,0.000796578903236626,1.29618311735252,62
"hand","cold",84,0.00201700043221438,53,0.00222203588797585,-1.1016536498886,137
"hand","cup",56,0.00134466695480959,28,0.00117390575213819,1.14546415021851,84
"hand","delicate",17,0.000408202468424338,23,0.000964279724970652,-2.36225843683105,40
"hand","down",89,0.00213705998175095,42,0.00176085862820728,1.21364654011247,131
"hand","empty",51,0.00122460740527302,10,0.000419252054335066,2.9209335830572,61
"hand","enough",32,0.000768381117034049,10,0.000419252054335066,1.83274264034961,42
"hand","far",33,0.000792393026941363,12,0.00050310246520208,1.57501320655045,45
"hand","finally",53,0.00127263122508764,20,0.000838504108670132,1.51773999903952,73
"hand","firmly",42,0.00100850021610719,24,0.00100620493040416,1.00228113144119,66
"hand","first",35,0.000840416846755991,8,0.000335401643468053,2.50570282860299,43
"hand","flat",32,0.000768381117034049,11,0.000461177259768573,1.6661296730451,43
"hand","forth",29,0.000696345387312107,11,0.000461177259768573,1.50993001619712,40
"hand","forward",49,0.00117658358545839,16,0.000670803286936106,1.75399198002209,65
"hand","free",313,0.00751572780098929,146,0.00612107999329197,1.22784342129587,459
"hand","full",33,0.000792393026941363,26,0.00109005534127117,-1.37564984068422,59
"hand","gently",107,0.0025692743600826,80,0.00335401643468053,-1.30543334989444,187
"hand","glove",122,0.00292945300869231,84,0.00352171725641456,-1.20217571197246,206
"hand","good",138,0.00331364356720934,35,0.00146738219017273,2.25820075328792,173
"hand","hard",76,0.00182490515295587,27,0.00113198054670468,1.61213472993716,103
"hand","heavy",42,0.00100850021610719,4,0.000167700821734027,6.01368678864717,46
"hand","high",39,0.000936464486385247,10,0.000419252054335066,2.23365509292609,49
"hand","hot",19,0.000456226288238967,15,0.000628878081502599,-1.37843455696091,34
"hand","huge",69,0.00165682178360467,2,8.38504108670133e-05,19.7592565912693,71
"hand","large",141,0.00338567929693128,38,0.00159315780647325,2.1251374365896,179
"hand","late",30,0.000720357297219421,11,0.000461177259768573,1.56199656847978,41
"hand","lightly",56,0.00134466695480959,54,0.00226396109340936,-1.68365935171654,110
"hand","little",66,0.00158478605388273,118,0.00494717424115378,-3.12166694616804,184
"hand","long",100,0.0024011909907314,53,0.00222203588797585,1.08062655680991,153
"hand","nervously",32,0.000768381117034049,13,0.000545027670635586,1.40980203103816,45
"hand","old",33,0.000792393026941363,13,0.000545027670635586,1.45385834450811,46
"hand","only",62,0.00148873841425347,32,0.00134160657387221,1.10966839552418,94
"hand","open",88,0.00211304807184363,31,0.00129968136843871,1.62582008418111,119
"hand","other",426,0.0102290736205158,188,0.00788193862149925,1.29778651061991,614
"hand","outstretch",31,0.000744369207126735,20,0.000838504108670132,-1.12646264869924,51
"hand","own",736,0.0176727656917831,258,0.0108167030018447,1.63384033829617,994
"hand","quickly",48,0.00115257167555107,33,0.00138353177930572,-1.20038676002012,81
"hand","red",30,0.000720357297219421,25,0.00104813013583767,-1.45501425456985,55
"hand","right",2044,0.0490803438505499,498,0.0208787523058863,2.35073164964521,2542
"hand","rough",32,0.000768381117034049,14,0.000586952876069093,1.30910188596401,46
"hand","shake",39,0.000936464486385247,4,0.000167700821734027,5.58413773231523,43
"hand","slightly",44,0.00105652403592182,18,0.000754653697803119,1.40001173915595,62
"hand","slowly",143,0.00343370311674591,53,0.00222203588797585,1.54529597623818,196
"hand","small",94,0.00225711953128752,89,0.00373134328358209,-1.65314385519212,183
"hand","soft",42,0.00100850021610719,33,0.00138353177930572,-1.37187058288014,75
"hand","softly",34,0.000816404936848677,24,0.00100620493040416,-1.23248266269446,58
"hand","sometimes",26,0.000624309657590165,11,0.000461177259768573,1.35373035934915,37
"hand","steady",31,0.000744369207126735,9,0.00037732684890156,1.97274381426521,40
"hand","still",313,0.00751572780098929,169,0.00708535971826262,1.06074047046862,482
"hand","strong",71,0.0017048456034193,31,0.00129968136843871,1.31174120428249,102
"hand","suddenly",117,0.00280939345915574,50,0.00209626027167533,1.34019305575565,167
"hand","thin",50,0.0012005954953657,40,0.00167700821734026,-1.39681368438705,90
"hand","tight",25,0.000600297747682851,25,0.00104813013583767,-1.74601710548382,50
"hand","tightly",70,0.00168083369351198,54,0.00226396109340936,-1.34692748137323,124
"hand","tiny",16,0.000384190558517024,21,0.000880429314103639,-2.29164745094751,37
"hand","together",579,0.0139028958363348,230,0.00964279724970652,1.44179074560112,809
"hand","up",65,0.00156077414397541,26,0.00109005534127117,1.43183018777314,91
"hand","very",64,0.0015367622340681,29,0.00121583095757169,1.26396044162042,93
"hand","warm",25,0.000600297747682851,45,0.0018866342445078,-3.14283078987087,70
"hand","wet",33,0.000792393026941363,19,0.000796578903236626,-1.00528257588462,52
"hand","white",98,0.00235316717091677,86,0.00360556766728157,-1.53221909256743,184
"head","back",1050,0.0252125054026797,561,0.0235200402481972,1.07195842934887,1611
"head","backward",26,0.000624309657590165,14,0.000586952876069093,1.06364528234576,40
"head","bald",229,0.00549872736877491,5,0.000209626027167533,26.2311290400038,234
"head","bare",22,0.000528262017960909,6,0.00025155123260104,2.10001760873393,28
"head","bend",19,0.000456226288238967,29,0.00121583095757169,-2.66497347679109,48
"head","big",94,0.00225711953128752,9,0.00037732684890156,5.98186834002999,103
"head","bow",12,0.000288142918887768,15,0.000628878081502599,-2.18252138185477,27
"head","clear",42,0.00100850021610719,5,0.000209626027167533,4.81094943091774,47
"head","close",46,0.00110454785573645,24,0.00100620493040416,1.09773647729274,70
"head","completely",31,0.000744369207126735,6,0.00025155123260104,2.95911572139781,37
"head","dark",17,0.000408202468424338,22,0.000922354519537146,-2.25955154827317,39
"head","down",124,0.00297747682850694,45,0.0018866342445078,1.57819505141217,169
"head","emphatically",28,0.000672333477404793,19,0.000796578903236626,-1.1847973215783,47
"head","enough",46,0.00110454785573645,10,0.000419252054335066,2.63456754550257,56
"head","far",77,0.00184891706286318,30,0.0012577561630052,1.47001232611375,107
"head","finally",56,0.00134466695480959,22,0.000922354519537146,1.45786346391447,78
"head","firmly",25,0.000600297747682851,9,0.00037732684890156,1.59092243085904,34
"head","first",24,0.000576285837775537,7,0.000293476438034546,1.96365282894601,31
"head","forth",70,0.00168083369351198,36,0.00150930739560624,1.11364570160133,106
"head","forward",200,0.00480238198146281,80,0.00335401643468053,1.43183018777314,280
"head","full",65,0.00156077414397541,18,0.000754653697803119,2.06819916011675,83
"head","gently",50,0.0012005954953657,26,0.00109005534127117,1.10140783674857,76
"head","good",46,0.00110454785573645,14,0.000586952876069093,1.88183396107326,60
"head","gravely",30,0.000720357297219421,15,0.000628878081502599,1.14546415021851,45
"head","great",41,0.000984488306199875,3,0.00012577561630052,7.82733835982647,44
"head","half",23,0.000552273927868223,13,0.000545027670635586,1.01329520980868,36
"head","hard",42,0.00100850021610719,17,0.000712728492369613,1.41498512674051,59
"head","heavy",44,0.00105652403592182,15,0.000628878081502599,1.68001408698715,59
"head","high",146,0.00350573884646785,82,0.00343786684554754,1.01974247519453,228
"head","huge",42,0.00100850021610719,2,8.38504108670133e-05,12.0273735772943,44
"head","immediately",26,0.000624309657590165,9,0.00037732684890156,1.6545593280934,35
"head","impatiently",21,0.000504250108053595,19,0.000796578903236626,-1.57972976210441,40
"head","inside",31,0.000744369207126735,10,0.000419252054335066,1.77546943283869,41
"head","large",61,0.00146472650434616,10,0.000419252054335066,3.49366565816645,71
"head","late",34,0.000816404936848677,16,0.000670803286936106,1.21705565960717,50
"head","little",51,0.00122460740527302,47,0.00197048465537481,-1.60907458740665,98
"head","long",43,0.0010325121260145,13,0.000545027670635586,1.89442147920753,56
"head","low",93,0.0022331076213802,33,0.00138353177930572,1.61406312076244,126
"head","merely",44,0.00105652403592182,23,0.000964279724970652,1.09566136107857,67
"head","over",16,0.000384190558517024,13,0.000545027670635586,-1.4186388982056,29
"head","own",198,0.00475435816164818,53,0.00222203588797585,2.13964058248363,251
"head","quickly",55,0.00132065504490227,33,0.00138353177930572,-1.04761026329029,88
"head","quite",28,0.000672333477404793,11,0.000461177259768573,1.45786346391447,39
"head","right",76,0.00182490515295587,17,0.000712728492369613,2.56044927695902,93
"head","round",76,0.00182490515295587,13,0.000545027670635586,3.34827982371564,89
"head","ruefully",22,0.000528262017960909,5,0.000209626027167533,2.52002113048072,27
"head","sadly",136,0.00326561974739471,40,0.00167700821734026,1.94728905537146,176
"head","sharply",25,0.000600297747682851,17,0.000712728492369613,-1.187291631729,42
"head","shave",59,0.00141670268453153,11,0.000461177259768573,3.07192658467691,70
"head","sideways",76,0.00182490515295587,27,0.00113198054670468,1.61213472993716,103
"head","simply",38,0.000912452576477933,26,0.00109005534127117,-1.19464328269945,64
"head","slightly",237,0.00569082264803342,127,0.00532450109005534,1.06879922677869,364
"head","slowly",404,0.00970081160255487,174,0.00729498574543015,1.32979171462149,578
"head","small",37,0.000888440666570619,12,0.00050310246520208,1.76592389825353,49
"head","sometimes",24,0.000576285837775537,11,0.000461177259768573,1.24959725478383,35
"head","still",193,0.00463429861211161,72,0.00301861479121248,1.53524014577897,265
"head","straight",27,0.000648321567497479,13,0.000545027670635586,1.18952046368845,40
"head","suddenly",104,0.00249723863036066,35,0.00146738219017273,1.70183245175321,139
"head","up",65,0.00156077414397541,24,0.00100620493040416,1.55114937008756,89
"head","very",74,0.00177688133314124,33,0.00138353177930572,1.28430828963893,107
"head","vigorously",43,0.0010325121260145,18,0.000754653697803119,1.36819329053877,61
"head","violently",49,0.00117658358545839,19,0.000796578903236626,1.47704587791334,68
"head","wearily",39,0.000936464486385247,9,0.00037732684890156,2.4818389921401,48
"head","white",39,0.000936464486385247,13,0.000545027670635586,1.71819622532776,52
"heart","beat",15,0.00036017864860971,6,0.00025155123260104,1.43183018777314,21
"heart","big",21,0.000504250108053595,4,0.000167700821734027,3.00684339432358,25
"heart","break",11,0.000264131008980454,14,0.000586952876069093,-2.22220358879759,25
"heart","cold",20,0.000480238198146281,9,0.00037732684890156,1.27273794468723,29
"heart","deep",30,0.000720357297219421,8,0.000335401643468053,2.1477452816597,38
"heart","fast",118,0.00283340536906306,56,0.00234781150427637,1.20682830112307,174
"heart","full",48,0.00115257167555107,20,0.000838504108670132,1.37455698026221,68
"heart","good",26,0.000624309657590165,16,0.000670803286936106,-1.07447206491312,42
"heart","great",7,0.000168083369351198,6,0.00025155123260104,-1.4965860904147,13
"heart","hard",54,0.00129664313499496,26,0.00109005534127117,1.18952046368845,80
"heart","heavy",30,0.000720357297219421,16,0.000670803286936106,1.07387264082985,46
"heart","little",26,0.000624309657590165,17,0.000712728492369613,-1.14162656897019,43
"heart","long",17,0.000408202468424338,4,0.000167700821734027,2.43411131921433,21
"heart","nearly",18,0.000432214378331653,15,0.000628878081502599,-1.45501425456985,33
"heart","old",17,0.000408202468424338,11,0.000461177259768573,-1.12977577413659,28
"heart","own",192,0.00461028670220429,76,0.0031863156129465,1.44690208448654,268
"heart","painfully",12,0.000288142918887768,7,0.000293476438034546,-1.01850997819889,19
"heart","pound",13,0.000312154828795082,11,0.000461177259768573,-1.47739908925554,24
"heart","quickly",19,0.000456226288238967,5,0.000209626027167533,2.17638188541517,24
"heart","really",20,0.000480238198146281,6,0.00025155123260104,1.90910691703085,26
"heart","right",15,0.00036017864860971,3,0.00012577561630052,2.86366037554627,18
"heart","secret",17,0.000408202468424338,5,0.000209626027167533,1.94728905537146,22
"heart","still",77,0.00184891706286318,43,0.00180278383364078,1.02558999496308,120
"heart","straight",7,0.000168083369351198,8,0.000335401643468053,-1.99544812055293,15
"heart","strong",16,0.000384190558517024,7,0.000293476438034546,1.30910188596401,23
"heart","suddenly",39,0.000936464486385247,10,0.000419252054335066,2.23365509292609,49
"heart","very",29,0.000696345387312107,17,0.000712728492369613,-1.02352726873189,46
"heart","violently",21,0.000504250108053595,12,0.00050310246520208,1.00228113144119,33
"heart","warm",9,0.000216107189165826,15,0.000628878081502599,-2.91002850913969,24
"heart","whole",45,0.00108053594582913,19,0.000796578903236626,1.35647070420613,64
"heart","wildly",22,0.000528262017960909,16,0.000670803286936106,-1.26983062217005,38
"heart","young",11,0.000264131008980454,14,0.000586952876069093,-2.22220358879759,25
"leg","apart",36,0.000864428756663305,34,0.00142545698473923,-1.64901615517916,70
"leg","back",81,0.00194496470249244,23,0.000964279724970652,2.01701296016737,104
"leg","bad",48,0.00115257167555107,5,0.000209626027167533,5.49822792104884,53
"leg","badly",18,0.000432214378331653,3,0.00012577561630052,3.43639245065553,21
"leg","bare",43,0.0010325121260145,72,0.00301861479121248,-2.92356352546127,115
"leg","bend",11,0.000264131008980454,9,0.00037732684890156,-1.4285594499413,20
"leg","break",21,0.000504250108053595,3,0.00012577561630052,4.00912452576478,24
"leg","down",14,0.000336166738702396,4,0.000167700821734027,2.00456226288239,18
"leg","far",28,0.000672333477404793,5,0.000209626027167533,3.20729962061182,33
"leg","fat",9,0.000216107189165826,6,0.00025155123260104,-1.16401140365588,15
"leg","first",16,0.000384190558517024,2,8.38504108670133e-05,4.58185660087403,18
"leg","forward",12,0.000288142918887768,4,0.000167700821734027,1.71819622532776,16
"leg","front",30,0.000720357297219421,12,0.00050310246520208,1.43183018777314,42
"leg","good",51,0.00122460740527302,16,0.000670803286936106,1.82558348941075,67
"leg","hairy",15,0.00036017864860971,1,4.19252054335066e-05,8.59098112663881,16
"leg","heavy",19,0.000456226288238967,9,0.00037732684890156,1.20910104745287,28
"leg","high",9,0.000216107189165826,4,0.000167700821734027,1.28864716899582,13
"leg","injure",15,0.00036017864860971,3,0.00012577561630052,2.86366037554627,18
"leg","last",21,0.000504250108053595,2,8.38504108670133e-05,6.01368678864717,23
"leg","little",46,0.00110454785573645,13,0.000545027670635586,2.02659041961736,59
"leg","long",169,0.00405801277433607,131,0.00549220191178937,-1.35342154330402,300
"leg","low",26,0.000624309657590165,7,0.000293476438034546,2.12729056469152,33
"leg","numb",17,0.000408202468424338,3,0.00012577561630052,3.24548175895244,20
"leg","other",19,0.000456226288238967,10,0.000419252054335066,1.08819094270758,29
"leg","out",13,0.000312154828795082,4,0.000167700821734027,1.86137924410508,17
"leg","own",47,0.00112855976564376,15,0.000628878081502599,1.794560502009,62
"leg","pant",52,0.00124861931518033,6,0.00025155123260104,4.9636779842802,58
"leg","right",196,0.00470633434183355,54,0.00226396109340936,2.07880530965581,250
"leg","short",46,0.00110454785573645,23,0.000964279724970652,1.14546415021851,69
"leg","skinny",14,0.000336166738702396,14,0.000586952876069093,-1.74601710548382,28
"leg","slightly",10,0.00024011909907314,12,0.00050310246520208,-2.09522052658058,22
"leg","slowly",21,0.000504250108053595,3,0.00012577561630052,4.00912452576478,24
"leg","stiff",32,0.000768381117034049,7,0.000293476438034546,2.61820377192802,39
"leg","still",53,0.00127263122508764,21,0.000880429314103639,1.44546666575193,74
"leg","straight",29,0.000696345387312107,14,0.000586952876069093,1.18637358415488,43
"leg","strong",10,0.00024011909907314,13,0.000545027670635586,-2.26982223712896,23
"leg","suddenly",21,0.000504250108053595,8,0.000335401643468053,1.50342169716179,29
"leg","thick",18,0.000432214378331653,5,0.000209626027167533,2.06183547039332,23
"leg","thin",46,0.00110454785573645,28,0.00117390575213819,-1.06279302072928,74
"leg","together",18,0.000432214378331653,27,0.00113198054670468,-2.61902565822573,45
"leg","up",9,0.000216107189165826,18,0.000754653697803119,-3.49203421096763,27
"leg","very",12,0.000288142918887768,13,0.000545027670635586,-1.8915185309408,25
"leg","weak",38,0.000912452576477933,15,0.000628878081502599,1.45092125694344,53
"leg","white",13,0.000312154828795082,17,0.000712728492369613,-2.28325313794038,30
"leg","wide",21,0.000504250108053595,23,0.000964279724970652,-1.91230444886323,44
"leg","wooden",34,0.000816404936848677,0,0,Inf,34
"lip","blue",34,0.000816404936848677,12,0.00050310246520208,1.62274087947622,46
"lip","bottom",40,0.000960476396292561,31,0.00129968136843871,-1.35316325674996,71
"lip","chap",13,0.000312154828795082,1,4.19252054335066e-05,7.4455169764203,14
"lip","close",17,0.000408202468424338,14,0.000586952876069093,-1.4378964398102,31
"lip","cold",8,0.000192095279258512,14,0.000586952876069093,-3.05552993459668,22
"lip","crack",27,0.000648321567497479,6,0.00025155123260104,2.57729433799164,33
"lip","dark",8,0.000192095279258512,8,0.000335401643468053,-1.74601710548382,16
"lip","fat",12,0.000288142918887768,3,0.00012577561630052,2.29092830043702,15
"lip","firmly",10,0.00024011909907314,6,0.00025155123260104,-1.04761026329029,16
"lip","full",23,0.000552273927868223,47,0.00197048465537481,-3.56794799816258,70
"lip","gently",10,0.00024011909907314,12,0.00050310246520208,-2.09522052658058,22
"lip","hard",18,0.000432214378331653,10,0.000419252054335066,1.03091773519666,28
"lip","little",6,0.000144071459443884,12,0.00050310246520208,-3.49203421096763,18
"lip","long",20,0.000480238198146281,8,0.000335401643468053,1.43183018777314,28
"lip","low",326,0.00782788262978437,202,0.00846889149756834,-1.08188789971697,528
"lip","moist",2,4.80238198146281e-05,11,0.000461177259768573,-9.60309408016099,13
"lip","nervously",10,0.00024011909907314,5,0.000209626027167533,1.14546415021851,15
"lip","open",19,0.000456226288238967,6,0.00025155123260104,1.8136515711793,25
"lip","own",46,0.00110454785573645,39,0.00163508301190676,-1.4803188503015,85
"lip","pale",25,0.000600297747682851,27,0.00113198054670468,-1.88569847392252,52
"lip","part",11,0.000264131008980454,24,0.00100620493040416,-3.80949186651015,35
"lip","pink",7,0.000168083369351198,3,0.00012577561630052,1.33637484192159,10
"lip","purse",9,0.000216107189165826,8,0.000335401643468053,-1.5520152048745,17
"lip","red",28,0.000672333477404793,66,0.00276706355861144,-4.11561174864043,94
"lip","silently",21,0.000504250108053595,6,0.00025155123260104,2.00456226288239,27
"lip","slightly",42,0.00100850021610719,53,0.00222203588797585,-2.2033072997772,95
"lip","slowly",19,0.000456226288238967,9,0.00037732684890156,1.20910104745287,28
"lip","soft",4,9.60476396292561e-05,22,0.000922354519537146,-9.60309408016099,26
"lip","soundless",11,0.000264131008980454,8,0.000335401643468053,-1.26983062217005,19
"lip","still",38,0.000912452576477933,35,0.00146738219017273,-1.60817364978773,73
"lip","swell",24,0.000576285837775537,19,0.000796578903236626,-1.38226354184135,43
"lip","thick",38,0.000912452576477933,6,0.00025155123260104,3.62730314235861,44
"lip","thin",83,0.00199298852230706,53,0.00222203588797585,-1.11492658542943,136
"lip","thoughtfully",11,0.000264131008980454,6,0.00025155123260104,1.05000880436697,17
"lip","tight",26,0.000624309657590165,21,0.000880429314103639,-1.41024458519847,47
"lip","tightly",16,0.000384190558517024,24,0.00100620493040416,-2.61902565822573,40
"lip","together",97,0.00232915526100946,89,0.00373134328358209,-1.60201569472226,186
"lip","top",20,0.000480238198146281,15,0.000628878081502599,-1.30951282911286,35
"lip","upper",284,0.00681938241367718,183,0.00767231259433171,-1.12507440247725,467
"lip","very",16,0.000384190558517024,12,0.00050310246520208,-1.30951282911286,28
"lip","warm",2,4.80238198146281e-05,9,0.00037732684890156,-7.85707697467718,11
"lip","wet",16,0.000384190558517024,12,0.00050310246520208,-1.30951282911286,28
"lip","white",17,0.000408202468424338,18,0.000754653697803119,-1.84872399404169,35
"lip","wide",9,0.000216107189165826,12,0.00050310246520208,-2.32802280731176,21
"mouth","big",29,0.000696345387312107,8,0.000335401643468053,2.07615377227105,37
"mouth","close",28,0.000672333477404793,20,0.000838504108670132,-1.24715507534558,48
"mouth","full",79,0.00189694088267781,31,0.00129968136843871,1.45954303011713,110
"mouth","half",36,0.000864428756663305,9,0.00037732684890156,2.29092830043702,45
"mouth","hard",11,0.000264131008980454,14,0.000586952876069093,-2.22220358879759,25
"mouth","large",17,0.000408202468424338,12,0.00050310246520208,-1.23248266269446,29
"mouth","little",33,0.000792393026941363,31,0.00129968136843871,-1.64019788696965,64
"mouth","long",9,0.000216107189165826,7,0.000293476438034546,-1.35801330426519,16
"mouth","open",364,0.00874033520626231,216,0.00905584437363743,-1.03609806259479,580
"mouth","own",80,0.00192095279258512,28,0.00117390575213819,1.63637735745501,108
"mouth","red",15,0.00036017864860971,21,0.000880429314103639,-2.44442394767734,36
"mouth","right",12,0.000288142918887768,1,4.19252054335066e-05,6.87278490131105,13
"mouth","slightly",55,0.00132065504490227,43,0.00180278383364078,-1.3650679188328,98
"mouth","slowly",13,0.000312154828795082,3,0.00012577561630052,2.4818389921401,16
"mouth","small",27,0.000648321567497479,19,0.000796578903236626,-1.22867870385898,46
"mouth","soft",4,9.60476396292561e-05,16,0.000670803286936106,-6.98406842193527,20
"mouth","still",47,0.00112855976564376,18,0.000754653697803119,1.4954670850075,65
"mouth","suddenly",14,0.000336166738702396,10,0.000419252054335066,-1.24715507534558,24
"mouth","thin",13,0.000312154828795082,12,0.00050310246520208,-1.61170809736968,25
"mouth","tight",21,0.000504250108053595,10,0.000419252054335066,1.20273735772943,31
"mouth","very",25,0.000600297747682851,12,0.00050310246520208,1.19319182314428,37
"mouth","warm",2,4.80238198146281e-05,11,0.000461177259768573,-9.60309408016099,13
"mouth","wet",6,0.000144071459443884,3,0.00012577561630052,1.14546415021851,9
"mouth","wide",149,0.00357777457618979,92,0.00385711889988261,-1.0780776758692,241
"shoulder","bare",16,0.000384190558517024,78,0.00327016602381352,-8.51183338923361,94
"shoulder","big",16,0.000384190558517024,3,0.00012577561630052,3.05457106724936,19
"shoulder","broad",89,0.00213705998175095,15,0.000628878081502599,3.39821031231491,104
"shoulder","forward",23,0.000552273927868223,9,0.00037732684890156,1.46364863639032,32
"shoulder","gently",16,0.000384190558517024,11,0.000461177259768573,-1.20038676002012,27
"shoulder","good",13,0.000312154828795082,2,8.38504108670133e-05,3.72275848821015,15
"shoulder","hard",13,0.000312154828795082,3,0.00012577561630052,2.4818389921401,16
"shoulder","heavy",13,0.000312154828795082,1,4.19252054335066e-05,7.4455169764203,14
"shoulder","high",21,0.000504250108053595,5,0.000209626027167533,2.40547471545887,26
"shoulder","leave",188,0.00451423906257504,75,0.003144390407513,1.4356484016072,263
"shoulder","lightly",10,0.00024011909907314,5,0.000209626027167533,1.14546415021851,15
"shoulder","massive",17,0.000408202468424338,4,0.000167700821734027,2.43411131921433,21
"shoulder","naked",10,0.00024011909907314,12,0.00050310246520208,-2.09522052658058,22
"shoulder","narrow",21,0.000504250108053595,11,0.000461177259768573,1.09339759793585,32
"shoulder","other",7,0.000168083369351198,5,0.000209626027167533,-1.24715507534558,12
"shoulder","own",45,0.00108053594582913,16,0.000670803286936106,1.61080896124478,61
"shoulder","right",171,0.0041060365941507,58,0.00243166191514338,1.68857215247728,229
"shoulder","round",14,0.000336166738702396,14,0.000586952876069093,-1.74601710548382,28
"shoulder","slightly",35,0.000840416846755991,26,0.00109005534127117,-1.29704127835941,61
"shoulder","slump",10,0.00024011909907314,1,4.19252054335066e-05,5.72732075109254,11
"shoulder","small",2,4.80238198146281e-05,8,0.000335401643468053,-6.98406842193527,10
"shoulder","still",26,0.000624309657590165,11,0.000461177259768573,1.35373035934915,37
"shoulder","straight",10,0.00024011909907314,7,0.000293476438034546,-1.22221197383867,17
"shoulder","strong",13,0.000312154828795082,4,0.000167700821734027,1.86137924410508,17
"shoulder","thin",23,0.000552273927868223,14,0.000586952876069093,-1.06279302072928,37
"shoulder","white",4,9.60476396292561e-05,27,0.00113198054670468,-11.7856154620158,31
"shoulder","wide",22,0.000528262017960909,4,0.000167700821734027,3.1500264131009,26
"skin","bare",10,0.00024011909907314,25,0.00104813013583767,-4.36504276370954,35
"skin","black",30,0.000720357297219421,8,0.000335401643468053,2.1477452816597,38
"skin","brown",23,0.000552273927868223,20,0.000838504108670132,-1.51827574389897,43
"skin","clear",4,9.60476396292561e-05,12,0.00050310246520208,-5.23805131645145,16
"skin","cold",14,0.000336166738702396,10,0.000419252054335066,-1.24715507534558,24
"skin","cool",4,9.60476396292561e-05,6,0.00025155123260104,-2.61902565822573,10
"skin","dark",45,0.00108053594582913,36,0.00150930739560624,-1.39681368438705,81
"skin","fair",16,0.000384190558517024,19,0.000796578903236626,-2.07339531276203,35
"skin","gray",11,0.000264131008980454,2,8.38504108670133e-05,3.1500264131009,13
"skin","hot",11,0.000264131008980454,13,0.000545027670635586,-2.06347476102633,24
"skin","light",10,0.00024011909907314,8,0.000335401643468053,-1.39681368438705,18
"skin","own",77,0.00184891706286318,24,0.00100620493040416,1.83751540764219,101
"skin","pale",42,0.00100850021610719,47,0.00197048465537481,-1.95387628470808,89
"skin","sallow",11,0.000264131008980454,5,0.000209626027167533,1.26001056524036,16
"skin","smooth",28,0.000672333477404793,53,0.00222203588797585,-3.3049609496658,81
"skin","soft",11,0.000264131008980454,25,0.00104813013583767,-3.9682206942814,36
"skin","still",12,0.000288142918887768,15,0.000628878081502599,-2.18252138185477,27
"skin","tan",12,0.000288142918887768,9,0.00037732684890156,-1.30951282911286,21
"skin","thin",7,0.000168083369351198,6,0.00025155123260104,-1.4965860904147,13
"skin","tight",16,0.000384190558517024,10,0.000419252054335066,-1.09126069092739,26
"skin","very",17,0.000408202468424338,15,0.000628878081502599,-1.54060332836807,32
"skin","warm",11,0.000264131008980454,16,0.000670803286936106,-2.5396612443401,27
"skin","wet",3,7.20357297219421e-05,5,0.000209626027167533,-2.91002850913969,8
"skin","white",39,0.000936464486385247,73,0.00306053999664598,-3.26818586411073,112
"skin","yellow",16,0.000384190558517024,7,0.000293476438034546,1.30910188596401,23
